Date,f0,f1,f2,f3,f4,f5,f6,f7,f8,f9,f10,f11,f12,f13,f14,f15,f16,f17,f18,f19,f20,f21,f22,f23,f24,f25,f26,f27,f28,f29,f30,f31,f32,f33,f34,f35,f36,f37,f38,f39,f40,f41,f42,f43,f44,f45,f46,f47,f48,f49,f50,f51,f52,f53,f54,f55,f56,f57,f58,f59,f60,f61,f62,f63,f64,f65,f66,f67
2013-08-23,8389.0,8397.5,8395.5,8404.5,8411.5,8397.5,8407.5,8409.5,8443.0,8402.0,8401.5,8397.5,8477.0,8482.5,8484.5,8487.0,8482.5,8508.0,8522.0,8525.5,8513.0,8506.0,8521.5,8520.0,8536.5,8532.0,8520.0,8499.5,8505.0,8506.5,8509.0,8523.5,8525.0,8525.0,8535.0,8531.0,8532.5,8531.5,8529.5,8540.0,8453.0,8394.5,8383.0,8367.5,8380.5,8557.0,8531.0,8510.0,8388.5,8374.5,8448.5,8464.0,8470.0,8553.5,8548.0,8473.5,8492.5,8446.0,8408.5,8401.5,8070.0,7959.5,8185.5,8364.5,8477.5,8380.5,8374.5,8548.0
2013-08-26,8487.0,8482.5,8508.0,8522.0,8525.5,8513.0,8506.0,8521.5,8520.0,8536.5,8532.0,8520.0,8499.5,8505.0,8506.5,8509.0,8523.5,8525.0,8525.0,8535.0,8531.0,8532.5,8531.5,8529.5,8540.0,8534.5,8542.0,8522.0,8510.0,8509.0,8509.0,8512.0,8527.0,8545.0,8542.5,8544.0,8550.0,8544.5,8545.0,8522.0,8394.5,8383.0,8367.5,8380.5,8557.0,8531.0,8510.0,8388.5,8374.5,8448.5,8464.0,8470.0,8553.5,8548.0,8473.5,8492.5,8446.0,8408.5,8401.5,8532.0,8070.0,7959.5,8185.5,8364.5,8477.5,8380.5,8374.5,8548.0
2013-08-27,8509.0,8523.5,8525.0,8525.0,8535.0,8531.0,8532.5,8531.5,8529.5,8540.0,8534.5,8542.0,8522.0,8510.0,8509.0,8509.0,8512.0,8527.0,8545.0,8542.5,8544.0,8550.0,8544.5,8545.0,8522.0,8519.5,8503.5,8449.5,8425.0,8418.5,8420.0,8414.5,8372.0,8385.5,8367.5,8346.0,8352.5,8342.0,8320.0,8315.5,8383.0,8367.5,8380.5,8557.0,8531.0,8510.0,8388.5,8374.5,8448.5,8464.0,8470.0,8553.5,8548.0,8473.5,8492.5,8446.0,8408.5,8401.5,8532.0,8534.5,8070.0,7959.5,8185.5,8364.5,8477.5,8380.5,8374.5,8548.0
2013-08-28,8509.0,8512.0,8527.0,8545.0,8542.5,8544.0,8550.0,8544.5,8545.0,8522.0,8519.5,8503.5,8449.5,8425.0,8418.5,8420.0,8414.5,8372.0,8385.5,8367.5,8346.0,8352.5,8342.0,8320.0,8315.5,8317.5,8313.5,8325.5,8308.0,8269.5,8266.5,8241.0,8226.0,8242.0,8272.0,8275.0,8285.5,8272.0,8255.0,8255.0,8367.5,8380.5,8557.0,8531.0,8510.0,8388.5,8374.5,8448.5,8464.0,8470.0,8553.5,8548.0,8473.5,8492.5,8446.0,8408.5,8401.5,8532.0,8534.5,8519.5,8070.0,7959.5,8185.5,8364.5,8477.5,8380.5,8374.5,8548.0
2013-08-29,8420.0,8414.5,8372.0,8385.5,8367.5,8346.0,8352.5,8342.0,8320.0,8315.5,8317.5,8313.5,8325.5,8308.0,8269.5,8266.5,8241.0,8226.0,8242.0,8272.0,8275.0,8285.5,8272.0,8255.0,8255.0,8256.5,8296.0,8297.0,8298.0,8293.0,8280.5,8294.0,8271.5,8273.0,8303.0,8297.0,8287.0,8272.5,8285.5,8275.5,8380.5,8557.0,8531.0,8510.0,8388.5,8374.5,8448.5,8464.0,8470.0,8553.5,8548.0,8473.5,8492.5,8446.0,8408.5,8401.5,8532.0,8534.5,8519.5,8317.5,8070.0,7959.5,8185.5,8364.5,8477.5,8380.5,8374.5,8548.0
2013-08-30,8266.5,8241.0,8226.0,8242.0,8272.0,8275.0,8285.5,8272.0,8255.0,8255.0,8256.5,8296.0,8297.0,8298.0,8293.0,8280.5,8294.0,8271.5,8273.0,8303.0,8297.0,8287.0,8272.5,8285.5,8275.5,8280.5,8310.5,8268.0,8251.0,8263.0,8270.0,8251.5,8248.0,8253.0,8223.5,8222.5,8223.5,8222.0,8223.5,8197.5,8557.0,8531.0,8510.0,8388.5,8374.5,8448.5,8464.0,8470.0,8553.5,8548.0,8473.5,8492.5,8446.0,8408.5,8401.5,8532.0,8534.5,8519.5,8317.5,8256.5,7959.5,8185.5,8364.5,8477.5,8380.5,8374.5,8548.0,8401.5
2013-09-02,8280.5,8294.0,8271.5,8273.0,8303.0,8297.0,8287.0,8272.5,8285.5,8275.5,8280.5,8310.5,8268.0,8251.0,8263.0,8270.0,8251.5,8248.0,8253.0,8223.5,8222.5,8223.5,8222.0,8223.5,8197.5,8215.0,8310.0,8333.5,8353.5,8342.5,8348.0,8368.5,8364.0,8347.5,8351.5,8349.5,8351.0,8350.5,8350.0,8344.5,8531.0,8510.0,8388.5,8374.5,8448.5,8464.0,8470.0,8553.5,8548.0,8473.5,8492.5,8446.0,8408.5,8401.5,8532.0,8534.5,8519.5,8317.5,8256.5,8280.5,7959.5,8185.5,8364.5,8477.5,8380.5,8374.5,8548.0,8401.5
2013-09-03,8270.0,8251.5,8248.0,8253.0,8223.5,8222.5,8223.5,8222.0,8223.5,8197.5,8215.0,8310.0,8333.5,8353.5,8342.5,8348.0,8368.5,8364.0,8347.5,8351.5,8349.5,8351.0,8350.5,8350.0,8344.5,8343.0,8379.5,8356.0,8261.0,8299.0,8337.0,8329.5,8336.0,8318.0,8324.5,8287.5,8269.0,8263.0,8285.0,8287.5,8510.0,8388.5,8374.5,8448.5,8464.0,8470.0,8553.5,8548.0,8473.5,8492.5,8446.0,8408.5,8401.5,8532.0,8534.5,8519.5,8317.5,8256.5,8280.5,8215.0,7959.5,8185.5,8364.5,8477.5,8380.5,8374.5,8548.0,8401.5
2013-09-04,8348.0,8368.5,8364.0,8347.5,8351.5,8349.5,8351.0,8350.5,8350.0,8344.5,8343.0,8379.5,8356.0,8261.0,8299.0,8337.0,8329.5,8336.0,8318.0,8324.5,8287.5,8269.0,8263.0,8285.0,8287.5,8289.5,8304.5,8278.5,8261.5,8249.0,8258.5,8237.0,8219.0,8255.0,8293.0,8325.0,8308.0,8302.5,8310.0,8308.0,8388.5,8374.5,8448.5,8464.0,8470.0,8553.5,8548.0,8473.5,8492.5,8446.0,8408.5,8401.5,8532.0,8534.5,8519.5,8317.5,8256.5,8280.5,8215.0,8343.0,7959.5,8185.5,8364.5,8477.5,8380.5,8374.5,8548.0,8401.5
2013-09-05,8337.0,8329.5,8336.0,8318.0,8324.5,8287.5,8269.0,8263.0,8285.0,8287.5,8289.5,8304.5,8278.5,8261.5,8249.0,8258.5,8237.0,8219.0,8255.0,8293.0,8325.0,8308.0,8302.5,8310.0,8308.0,8316.5,8319.5,8352.0,8298.0,8291.0,8331.5,8314.5,8336.0,8329.5,8335.5,8342.0,8341.5,8344.0,8344.0,8339.5,8374.5,8448.5,8464.0,8470.0,8553.5,8548.0,8473.5,8492.5,8446.0,8408.5,8401.5,8532.0,8534.5,8519.5,8317.5,8256.5,8280.5,8215.0,8343.0,8289.5,7959.5,8185.5,8364.5,8477.5,8380.5,8374.5,8548.0,8401.5
2013-09-06,8258.5,8237.0,8219.0,8255.0,8293.0,8325.0,8308.0,8302.5,8310.0,8308.0,8316.5,8319.5,8352.0,8298.0,8291.0,8331.5,8314.5,8336.0,8329.5,8335.5,8342.0,8341.5,8344.0,8344.0,8339.5,8343.5,8326.5,8320.5,8328.5,8327.5,8332.5,8333.0,8399.0,8328.0,8355.0,8368.0,8364.0,8377.0,8376.0,8363.5,8448.5,8464.0,8470.0,8553.5,8548.0,8473.5,8492.5,8446.0,8408.5,8401.5,8532.0,8534.5,8519.5,8317.5,8256.5,8280.5,8215.0,8343.0,8289.5,8316.5,8185.5,8364.5,8477.5,8380.5,8374.5,8548.0,8401.5,8256.5
2013-09-09,8331.5,8314.5,8336.0,8329.5,8335.5,8342.0,8341.5,8344.0,8344.0,8339.5,8343.5,8326.5,8320.5,8328.5,8327.5,8332.5,8333.0,8399.0,8328.0,8355.0,8368.0,8364.0,8377.0,8376.0,8363.5,8364.5,8386.5,8377.0,8388.5,8378.5,8381.0,8387.5,8377.5,8399.5,8380.5,8392.5,8395.5,8403.0,8414.5,8418.0,8464.0,8470.0,8553.5,8548.0,8473.5,8492.5,8446.0,8408.5,8401.5,8532.0,8534.5,8519.5,8317.5,8256.5,8280.5,8215.0,8343.0,8289.5,8316.5,8343.5,8185.5,8364.5,8477.5,8380.5,8374.5,8548.0,8401.5,8256.5
2013-09-10,8332.5,8333.0,8399.0,8328.0,8355.0,8368.0,8364.0,8377.0,8376.0,8363.5,8364.5,8386.5,8377.0,8388.5,8378.5,8381.0,8387.5,8377.5,8399.5,8380.5,8392.5,8395.5,8403.0,8414.5,8418.0,8420.0,8459.0,8498.0,8509.0,8528.0,8532.0,8550.5,8545.0,8551.5,8563.5,8553.5,8556.5,8567.5,8563.5,8580.0,8470.0,8553.5,8548.0,8473.5,8492.5,8446.0,8408.5,8401.5,8532.0,8534.5,8519.5,8317.5,8256.5,8280.5,8215.0,8343.0,8289.5,8316.5,8343.5,8364.5,8185.5,8364.5,8477.5,8380.5,8374.5,8548.0,8401.5,8256.5
2013-09-11,8381.0,8387.5,8377.5,8399.5,8380.5,8392.5,8395.5,8403.0,8414.5,8418.0,8420.0,8459.0,8498.0,8509.0,8528.0,8532.0,8550.5,8545.0,8551.5,8563.5,8553.5,8556.5,8567.5,8563.5,8580.0,8581.5,8564.0,8576.0,8593.5,8586.5,8606.5,8591.5,8600.5,8593.5,8593.5,8609.5,8608.5,8606.5,8608.0,8608.5,8553.5,8548.0,8473.5,8492.5,8446.0,8408.5,8401.5,8532.0,8534.5,8519.5,8317.5,8256.5,8280.5,8215.0,8343.0,8289.5,8316.5,8343.5,8364.5,8420.0,8185.5,8364.5,8477.5,8380.5,8374.5,8548.0,8401.5,8256.5
2013-09-12,8532.0,8550.5,8545.0,8551.5,8563.5,8553.5,8556.5,8567.5,8563.5,8580.0,8581.5,8564.0,8576.0,8593.5,8586.5,8606.5,8591.5,8600.5,8593.5,8593.5,8609.5,8608.5,8606.5,8608.0,8608.5,8616.0,8604.0,8611.0,8597.5,8582.5,8599.5,8614.0,8613.5,8601.5,8617.0,8602.0,8592.5,8605.0,8603.5,8593.5,8548.0,8473.5,8492.5,8446.0,8408.5,8401.5,8532.0,8534.5,8519.5,8317.5,8256.5,8280.5,8215.0,8343.0,8289.5,8316.5,8343.5,8364.5,8420.0,8581.5,8185.5,8364.5,8477.5,8380.5,8374.5,8548.0,8401.5,8256.5
2013-09-13,8606.5,8591.5,8600.5,8593.5,8593.5,8609.5,8608.5,8606.5,8608.0,8608.5,8616.0,8604.0,8611.0,8597.5,8582.5,8599.5,8614.0,8613.5,8601.5,8617.0,8602.0,8592.5,8605.0,8603.5,8593.5,8589.5,8587.5,8587.0,8579.5,8591.5,8594.5,8614.5,8610.0,8626.5,8604.0,8615.0,8613.0,8616.5,8618.0,8613.0,8473.5,8492.5,8446.0,8408.5,8401.5,8532.0,8534.5,8519.5,8317.5,8256.5,8280.5,8215.0,8343.0,8289.5,8316.5,8343.5,8364.5,8420.0,8581.5,8616.0,8364.5,8477.5,8380.5,8374.5,8548.0,8401.5,8256.5,8316.5
2013-09-16,8599.5,8614.0,8613.5,8601.5,8617.0,8602.0,8592.5,8605.0,8603.5,8593.5,8589.5,8587.5,8587.0,8579.5,8591.5,8594.5,8614.5,8610.0,8626.5,8604.0,8615.0,8613.0,8616.5,8618.0,8613.0,8624.5,8717.5,8716.5,8719.0,8711.0,8724.0,8726.0,8724.0,8715.5,8714.5,8723.5,8725.0,8716.5,8716.5,8718.5,8492.5,8446.0,8408.5,8401.5,8532.0,8534.5,8519.5,8317.5,8256.5,8280.5,8215.0,8343.0,8289.5,8316.5,8343.5,8364.5,8420.0,8581.5,8616.0,8589.5,8364.5,8477.5,8380.5,8374.5,8548.0,8401.5,8256.5,8316.5
2013-09-17,8594.5,8614.5,8610.0,8626.5,8604.0,8615.0,8613.0,8616.5,8618.0,8613.0,8624.5,8717.5,8716.5,8719.0,8711.0,8724.0,8726.0,8724.0,8715.5,8714.5,8723.5,8725.0,8716.5,8716.5,8718.5,8714.5,8707.5,8701.0,8713.0,8709.5,8705.0,8710.0,8707.0,8717.5,8718.0,8709.5,8718.5,8723.0,8725.5,8731.5,8446.0,8408.5,8401.5,8532.0,8534.5,8519.5,8317.5,8256.5,8280.5,8215.0,8343.0,8289.5,8316.5,8343.5,8364.5,8420.0,8581.5,8616.0,8589.5,8624.5,8364.5,8477.5,8380.5,8374.5,8548.0,8401.5,8256.5,8316.5
2013-09-18,8724.0,8726.0,8724.0,8715.5,8714.5,8723.5,8725.0,8716.5,8716.5,8718.5,8714.5,8707.5,8701.0,8713.0,8709.5,8705.0,8710.0,8707.0,8717.5,8718.0,8709.5,8718.5,8723.0,8725.5,8731.5,8727.5,8729.0,8717.5,8734.5,8749.5,8749.5,8743.5,8730.5,8735.5,8725.5,8739.0,8743.0,8747.0,8845.5,8850.5,8408.5,8401.5,8532.0,8534.5,8519.5,8317.5,8256.5,8280.5,8215.0,8343.0,8289.5,8316.5,8343.5,8364.5,8420.0,8581.5,8616.0,8589.5,8624.5,8714.5,8364.5,8477.5,8380.5,8374.5,8548.0,8401.5,8256.5,8316.5
2013-09-19,8705.0,8710.0,8707.0,8717.5,8718.0,8709.5,8718.5,8723.0,8725.5,8731.5,8727.5,8729.0,8717.5,8734.5,8749.5,8749.5,8743.5,8730.5,8735.5,8725.5,8739.0,8743.0,8747.0,8845.5,8850.5,8858.5,8853.0,8876.5,8847.5,8845.5,8845.5,8835.5,8828.5,8793.0,8792.0,8805.0,8804.0,8798.5,8789.5,8793.5,8401.5,8532.0,8534.5,8519.5,8317.5,8256.5,8280.5,8215.0,8343.0,8289.5,8316.5,8343.5,8364.5,8420.0,8581.5,8616.0,8589.5,8624.5,8714.5,8727.5,8364.5,8477.5,8380.5,8374.5,8548.0,8401.5,8256.5,8316.5
2013-09-20,8749.5,8743.5,8730.5,8735.5,8725.5,8739.0,8743.0,8747.0,8845.5,8850.5,8858.5,8853.0,8876.5,8847.5,8845.5,8845.5,8835.5,8828.5,8793.0,8792.0,8805.0,8804.0,8798.5,8789.5,8793.5,8791.0,8789.5,8794.5,8797.0,8816.0,8814.0,8801.0,8795.0,8789.0,8787.0,8790.0,8785.5,8775.5,8785.0,8773.5,8532.0,8534.5,8519.5,8317.5,8256.5,8280.5,8215.0,8343.0,8289.5,8316.5,8343.5,8364.5,8420.0,8581.5,8616.0,8589.5,8624.5,8714.5,8727.5,8858.5,8477.5,8380.5,8374.5,8548.0,8401.5,8256.5,8316.5,8616.0
2013-09-23,8845.5,8835.5,8828.5,8793.0,8792.0,8805.0,8804.0,8798.5,8789.5,8793.5,8791.0,8789.5,8794.5,8797.0,8816.0,8814.0,8801.0,8795.0,8789.0,8787.0,8790.0,8785.5,8775.5,8785.0,8773.5,8766.0,8789.5,8771.0,8798.0,8778.5,8772.5,8757.5,8748.0,8741.0,8738.0,8744.0,8755.0,8754.0,8755.5,8750.5,8534.5,8519.5,8317.5,8256.5,8280.5,8215.0,8343.0,8289.5,8316.5,8343.5,8364.5,8420.0,8581.5,8616.0,8589.5,8624.5,8714.5,8727.5,8858.5,8791.0,8477.5,8380.5,8374.5,8548.0,8401.5,8256.5,8316.5,8616.0
2013-09-24,8814.0,8801.0,8795.0,8789.0,8787.0,8790.0,8785.5,8775.5,8785.0,8773.5,8766.0,8789.5,8771.0,8798.0,8778.5,8772.5,8757.5,8748.0,8741.0,8738.0,8744.0,8755.0,8754.0,8755.5,8750.5,8748.0,8754.0,8765.5,8758.0,8755.0,8758.0,8758.0,8767.5,8767.0,8781.0,8777.5,8789.5,8792.5,8782.5,8766.5,8519.5,8317.5,8256.5,8280.5,8215.0,8343.0,8289.5,8316.5,8343.5,8364.5,8420.0,8581.5,8616.0,8589.5,8624.5,8714.5,8727.5,8858.5,8791.0,8766.0,8477.5,8380.5,8374.5,8548.0,8401.5,8256.5,8316.5,8616.0
2013-09-25,8772.5,8757.5,8748.0,8741.0,8738.0,8744.0,8755.0,8754.0,8755.5,8750.5,8748.0,8754.0,8765.5,8758.0,8755.0,8758.0,8758.0,8767.5,8767.0,8781.0,8777.5,8789.5,8792.5,8782.5,8766.5,8768.0,8762.0,8739.0,8759.0,8772.0,8738.0,8745.0,8769.0,8755.5,8766.0,8777.5,8766.5,8753.5,8768.0,8764.0,8317.5,8256.5,8280.5,8215.0,8343.0,8289.5,8316.5,8343.5,8364.5,8420.0,8581.5,8616.0,8589.5,8624.5,8714.5,8727.5,8858.5,8791.0,8766.0,8748.0,8477.5,8380.5,8374.5,8548.0,8401.5,8256.5,8316.5,8616.0
2013-09-26,8758.0,8758.0,8767.5,8767.0,8781.0,8777.5,8789.5,8792.5,8782.5,8766.5,8768.0,8762.0,8739.0,8759.0,8772.0,8738.0,8745.0,8769.0,8755.5,8766.0,8777.5,8766.5,8753.5,8768.0,8764.0,8762.5,8791.0,8754.5,8748.5,8748.0,8750.0,8762.5,8768.0,8782.0,8759.0,8773.0,8775.5,8770.5,8769.0,8781.0,8256.5,8280.5,8215.0,8343.0,8289.5,8316.5,8343.5,8364.5,8420.0,8581.5,8616.0,8589.5,8624.5,8714.5,8727.5,8858.5,8791.0,8766.0,8748.0,8768.0,8477.5,8380.5,8374.5,8548.0,8401.5,8256.5,8316.5,8616.0
2013-09-27,8738.0,8745.0,8769.0,8755.5,8766.0,8777.5,8766.5,8753.5,8768.0,8764.0,8762.5,8791.0,8754.5,8748.5,8748.0,8750.0,8762.5,8768.0,8782.0,8759.0,8773.0,8775.5,8770.5,8769.0,8781.0,8780.0,8779.5,8757.5,8755.0,8733.5,8741.5,8745.0,8758.5,8745.5,8767.0,8774.5,8776.0,8776.0,8775.0,8779.5,8280.5,8215.0,8343.0,8289.5,8316.5,8343.5,8364.5,8420.0,8581.5,8616.0,8589.5,8624.5,8714.5,8727.5,8858.5,8791.0,8766.0,8748.0,8768.0,8762.5,8380.5,8374.5,8548.0,8401.5,8256.5,8316.5,8616.0,8858.5
2013-09-30,8750.0,8762.5,8768.0,8782.0,8759.0,8773.0,8775.5,8770.5,8769.0,8781.0,8780.0,8779.5,8757.5,8755.0,8733.5,8741.5,8745.0,8758.5,8745.5,8767.0,8774.5,8776.0,8776.0,8775.0,8779.5,8778.5,8679.5,8674.5,8704.0,8696.5,8679.5,8680.5,8689.0,8672.0,8685.0,8708.5,8702.5,8711.0,8718.5,8708.5,8215.0,8343.0,8289.5,8316.5,8343.5,8364.5,8420.0,8581.5,8616.0,8589.5,8624.5,8714.5,8727.5,8858.5,8791.0,8766.0,8748.0,8768.0,8762.5,8780.0,8380.5,8374.5,8548.0,8401.5,8256.5,8316.5,8616.0,8858.5
2013-10-01,8741.5,8745.0,8758.5,8745.5,8767.0,8774.5,8776.0,8776.0,8775.0,8779.5,8778.5,8679.5,8674.5,8704.0,8696.5,8679.5,8680.5,8689.0,8672.0,8685.0,8708.5,8702.5,8711.0,8718.5,8708.5,8711.0,8728.0,8753.5,8759.5,8754.5,8753.5,8746.0,8740.5,8738.5,8779.5,8805.5,8792.0,8797.0,8787.0,8794.5,8343.0,8289.5,8316.5,8343.5,8364.5,8420.0,8581.5,8616.0,8589.5,8624.5,8714.5,8727.5,8858.5,8791.0,8766.0,8748.0,8768.0,8762.5,8780.0,8778.5,8380.5,8374.5,8548.0,8401.5,8256.5,8316.5,8616.0,8858.5
2013-10-02,8679.5,8680.5,8689.0,8672.0,8685.0,8708.5,8702.5,8711.0,8718.5,8708.5,8711.0,8728.0,8753.5,8759.5,8754.5,8753.5,8746.0,8740.5,8738.5,8779.5,8805.5,8792.0,8797.0,8787.0,8794.5,8799.0,8769.0,8744.5,8740.5,8746.0,8750.5,8767.5,8743.0,8740.0,8714.5,8741.5,8750.0,8751.5,8748.5,8756.0,8289.5,8316.5,8343.5,8364.5,8420.0,8581.5,8616.0,8589.5,8624.5,8714.5,8727.5,8858.5,8791.0,8766.0,8748.0,8768.0,8762.5,8780.0,8778.5,8711.0,8380.5,8374.5,8548.0,8401.5,8256.5,8316.5,8616.0,8858.5
2013-10-03,8753.5,8746.0,8740.5,8738.5,8779.5,8805.5,8792.0,8797.0,8787.0,8794.5,8799.0,8769.0,8744.5,8740.5,8746.0,8750.5,8767.5,8743.0,8740.0,8714.5,8741.5,8750.0,8751.5,8748.5,8756.0,8757.5,8742.0,8747.5,8734.0,8724.0,8740.5,8741.5,8746.5,8726.5,8713.0,8696.0,8696.5,8709.5,8709.0,8710.0,8316.5,8343.5,8364.5,8420.0,8581.5,8616.0,8589.5,8624.5,8714.5,8727.5,8858.5,8791.0,8766.0,8748.0,8768.0,8762.5,8780.0,8778.5,8711.0,8799.0,8380.5,8374.5,8548.0,8401.5,8256.5,8316.5,8616.0,8858.5
2013-10-04,8750.5,8767.5,8743.0,8740.0,8714.5,8741.5,8750.0,8751.5,8748.5,8756.0,8757.5,8742.0,8747.5,8734.0,8724.0,8740.5,8741.5,8746.5,8726.5,8713.0,8696.0,8696.5,8709.5,8709.0,8710.0,8695.0,8703.0,8692.0,8715.5,8716.5,8709.5,8706.5,8708.0,8720.5,8734.5,8736.0,8747.5,8742.0,8752.5,8746.0,8343.5,8364.5,8420.0,8581.5,8616.0,8589.5,8624.5,8714.5,8727.5,8858.5,8791.0,8766.0,8748.0,8768.0,8762.5,8780.0,8778.5,8711.0,8799.0,8757.5,8374.5,8548.0,8401.5,8256.5,8316.5,8616.0,8858.5,8762.5
2013-10-07,8740.5,8741.5,8746.5,8726.5,8713.0,8696.0,8696.5,8709.5,8709.0,8710.0,8695.0,8703.0,8692.0,8715.5,8716.5,8709.5,8706.5,8708.0,8720.5,8734.5,8736.0,8747.5,8742.0,8752.5,8746.0,8746.0,8696.5,8630.5,8641.0,8647.5,8633.5,8652.5,8657.0,8690.5,8704.0,8702.0,8696.0,8703.0,8705.5,8694.0,8364.5,8420.0,8581.5,8616.0,8589.5,8624.5,8714.5,8727.5,8858.5,8791.0,8766.0,8748.0,8768.0,8762.5,8780.0,8778.5,8711.0,8799.0,8757.5,8695.0,8374.5,8548.0,8401.5,8256.5,8316.5,8616.0,8858.5,8762.5
2013-10-08,8709.5,8706.5,8708.0,8720.5,8734.5,8736.0,8747.5,8742.0,8752.5,8746.0,8746.0,8696.5,8630.5,8641.0,8647.5,8633.5,8652.5,8657.0,8690.5,8704.0,8702.0,8696.0,8703.0,8705.5,8694.0,8687.5,8700.5,8690.0,8681.5,8678.5,8692.5,8692.5,8693.5,8685.0,8672.0,8651.5,8651.0,8648.0,8639.5,8634.0,8420.0,8581.5,8616.0,8589.5,8624.5,8714.5,8727.5,8858.5,8791.0,8766.0,8748.0,8768.0,8762.5,8780.0,8778.5,8711.0,8799.0,8757.5,8695.0,8746.0,8374.5,8548.0,8401.5,8256.5,8316.5,8616.0,8858.5,8762.5
2013-10-09,8633.5,8652.5,8657.0,8690.5,8704.0,8702.0,8696.0,8703.0,8705.5,8694.0,8687.5,8700.5,8690.0,8681.5,8678.5,8692.5,8692.5,8693.5,8685.0,8672.0,8651.5,8651.0,8648.0,8639.5,8634.0,8630.5,8661.5,8648.5,8662.0,8683.0,8680.0,8675.5,8673.5,8653.5,8648.5,8636.5,8634.0,8662.0,8656.0,8644.5,8581.5,8616.0,8589.5,8624.5,8714.5,8727.5,8858.5,8791.0,8766.0,8748.0,8768.0,8762.5,8780.0,8778.5,8711.0,8799.0,8757.5,8695.0,8746.0,8687.5,8374.5,8548.0,8401.5,8256.5,8316.5,8616.0,8858.5,8762.5
2013-10-10,8692.5,8692.5,8693.5,8685.0,8672.0,8651.5,8651.0,8648.0,8639.5,8634.0,8630.5,8661.5,8648.5,8662.0,8683.0,8680.0,8675.5,8673.5,8653.5,8648.5,8636.5,8634.0,8662.0,8656.0,8644.5,8641.5,8670.0,8698.0,8704.0,8737.0,8740.5,8742.0,8736.5,8792.0,8785.0,8803.0,8809.0,8806.5,8807.5,8847.5,8616.0,8589.5,8624.5,8714.5,8727.5,8858.5,8791.0,8766.0,8748.0,8768.0,8762.5,8780.0,8778.5,8711.0,8799.0,8757.5,8695.0,8746.0,8687.5,8630.5,8374.5,8548.0,8401.5,8256.5,8316.5,8616.0,8858.5,8762.5
2013-10-11,8680.0,8675.5,8673.5,8653.5,8648.5,8636.5,8634.0,8662.0,8656.0,8644.5,8641.5,8670.0,8698.0,8704.0,8737.0,8740.5,8742.0,8736.5,8792.0,8785.0,8803.0,8809.0,8806.5,8807.5,8847.5,8839.5,8823.0,8812.5,8828.5,8827.5,8823.5,8820.0,8811.0,8824.5,8819.5,8837.5,8842.5,8844.5,8843.5,8846.0,8589.5,8624.5,8714.5,8727.5,8858.5,8791.0,8766.0,8748.0,8768.0,8762.5,8780.0,8778.5,8711.0,8799.0,8757.5,8695.0,8746.0,8687.5,8630.5,8641.5,8548.0,8401.5,8256.5,8316.5,8616.0,8858.5,8762.5,8757.5
2013-10-14,8740.5,8742.0,8736.5,8792.0,8785.0,8803.0,8809.0,8806.5,8807.5,8847.5,8839.5,8823.0,8812.5,8828.5,8827.5,8823.5,8820.0,8811.0,8824.5,8819.5,8837.5,8842.5,8844.5,8843.5,8846.0,8845.0,8795.5,8820.5,8808.5,8814.0,8818.5,8812.0,8813.0,8822.5,8819.0,8833.5,8836.5,8851.5,8855.0,8853.0,8624.5,8714.5,8727.5,8858.5,8791.0,8766.0,8748.0,8768.0,8762.5,8780.0,8778.5,8711.0,8799.0,8757.5,8695.0,8746.0,8687.5,8630.5,8641.5,8839.5,8548.0,8401.5,8256.5,8316.5,8616.0,8858.5,8762.5,8757.5
2013-10-15,8823.5,8820.0,8811.0,8824.5,8819.5,8837.5,8842.5,8844.5,8843.5,8846.0,8845.0,8795.5,8820.5,8808.5,8814.0,8818.5,8812.0,8813.0,8822.5,8819.0,8833.5,8836.5,8851.5,8855.0,8853.0,8862.0,8868.0,8879.0,8883.5,8898.0,8897.5,8895.0,8895.5,8899.5,8906.5,8910.0,8911.0,8910.5,8892.5,8894.0,8714.5,8727.5,8858.5,8791.0,8766.0,8748.0,8768.0,8762.5,8780.0,8778.5,8711.0,8799.0,8757.5,8695.0,8746.0,8687.5,8630.5,8641.5,8839.5,8845.0,8548.0,8401.5,8256.5,8316.5,8616.0,8858.5,8762.5,8757.5
2013-10-16,8818.5,8812.0,8813.0,8822.5,8819.0,8833.5,8836.5,8851.5,8855.0,8853.0,8862.0,8868.0,8879.0,8883.5,8898.0,8897.5,8895.0,8895.5,8899.5,8906.5,8910.0,8911.0,8910.5,8892.5,8894.0,8887.5,8905.5,8907.0,8902.5,8899.5,8898.5,8898.0,8910.5,8937.0,8956.5,8952.5,8955.5,8954.5,8944.5,8959.0,8727.5,8858.5,8791.0,8766.0,8748.0,8768.0,8762.5,8780.0,8778.5,8711.0,8799.0,8757.5,8695.0,8746.0,8687.5,8630.5,8641.5,8839.5,8845.0,8862.0,8548.0,8401.5,8256.5,8316.5,8616.0,8858.5,8762.5,8757.5
2013-10-17,8897.5,8895.0,8895.5,8899.5,8906.5,8910.0,8911.0,8910.5,8892.5,8894.0,8887.5,8905.5,8907.0,8902.5,8899.5,8898.5,8898.0,8910.5,8937.0,8956.5,8952.5,8955.5,8954.5,8944.5,8959.0,8957.0,8929.0,8904.5,8897.5,8892.0,8916.0,8903.0,8895.0,8897.5,8905.0,8917.5,8920.5,8913.0,8918.5,8939.5,8858.5,8791.0,8766.0,8748.0,8768.0,8762.5,8780.0,8778.5,8711.0,8799.0,8757.5,8695.0,8746.0,8687.5,8630.5,8641.5,8839.5,8845.0,8862.0,8887.5,8548.0,8401.5,8256.5,8316.5,8616.0,8858.5,8762.5,8757.5
2013-10-18,8898.5,8898.0,8910.5,8937.0,8956.5,8952.5,8955.5,8954.5,8944.5,8959.0,8957.0,8929.0,8904.5,8897.5,8892.0,8916.0,8903.0,8895.0,8897.5,8905.0,8917.5,8920.5,8913.0,8918.5,8939.5,8932.5,8942.5,8935.0,8924.5,8932.5,8931.0,8939.0,8938.5,8948.0,8951.5,8956.5,8956.5,8962.5,8968.0,8967.5,8791.0,8766.0,8748.0,8768.0,8762.5,8780.0,8778.5,8711.0,8799.0,8757.5,8695.0,8746.0,8687.5,8630.5,8641.5,8839.5,8845.0,8862.0,8887.5,8957.0,8401.5,8256.5,8316.5,8616.0,8858.5,8762.5,8757.5,8641.5
2013-10-21,8916.0,8903.0,8895.0,8897.5,8905.0,8917.5,8920.5,8913.0,8918.5,8939.5,8932.5,8942.5,8935.0,8924.5,8932.5,8931.0,8939.0,8938.5,8948.0,8951.5,8956.5,8956.5,8962.5,8968.0,8967.5,8960.5,8955.5,8962.0,8962.0,8959.0,8953.5,8956.0,8964.0,8966.0,8962.5,8969.5,8970.0,8968.0,8966.0,8968.5,8766.0,8748.0,8768.0,8762.5,8780.0,8778.5,8711.0,8799.0,8757.5,8695.0,8746.0,8687.5,8630.5,8641.5,8839.5,8845.0,8862.0,8887.5,8957.0,8932.5,8401.5,8256.5,8316.5,8616.0,8858.5,8762.5,8757.5,8641.5
2013-10-22,8931.0,8939.0,8938.5,8948.0,8951.5,8956.5,8956.5,8962.5,8968.0,8967.5,8960.5,8955.5,8962.0,8962.0,8959.0,8953.5,8956.0,8964.0,8966.0,8962.5,8969.5,8970.0,8968.0,8966.0,8968.5,8969.0,8962.0,8958.5,8968.0,8967.0,8974.0,8980.0,9029.0,9065.5,9059.0,9053.5,9037.5,9044.0,9055.0,9059.0,8748.0,8768.0,8762.5,8780.0,8778.5,8711.0,8799.0,8757.5,8695.0,8746.0,8687.5,8630.5,8641.5,8839.5,8845.0,8862.0,8887.5,8957.0,8932.5,8960.5,8401.5,8256.5,8316.5,8616.0,8858.5,8762.5,8757.5,8641.5
2013-10-23,8953.5,8956.0,8964.0,8966.0,8962.5,8969.5,8970.0,8968.0,8966.0,8968.5,8969.0,8962.0,8958.5,8968.0,8967.0,8974.0,8980.0,9029.0,9065.5,9059.0,9053.5,9037.5,9044.0,9055.0,9059.0,9052.0,9016.0,9013.0,9022.5,9016.5,9015.5,9018.0,9034.0,9019.0,9015.5,9028.5,9029.0,9030.0,9032.5,9032.5,8768.0,8762.5,8780.0,8778.5,8711.0,8799.0,8757.5,8695.0,8746.0,8687.5,8630.5,8641.5,8839.5,8845.0,8862.0,8887.5,8957.0,8932.5,8960.5,8969.0,8401.5,8256.5,8316.5,8616.0,8858.5,8762.5,8757.5,8641.5
2013-10-24,8974.0,8980.0,9029.0,9065.5,9059.0,9053.5,9037.5,9044.0,9055.0,9059.0,9052.0,9016.0,9013.0,9022.5,9016.5,9015.5,9018.0,9034.0,9019.0,9015.5,9028.5,9029.0,9030.0,9032.5,9032.5,9028.0,9082.5,9074.0,9069.0,9068.5,9090.0,9080.0,9078.0,9073.5,9072.5,9078.5,9079.0,9077.5,9085.0,9083.0,8762.5,8780.0,8778.5,8711.0,8799.0,8757.5,8695.0,8746.0,8687.5,8630.5,8641.5,8839.5,8845.0,8862.0,8887.5,8957.0,8932.5,8960.5,8969.0,9052.0,8401.5,8256.5,8316.5,8616.0,8858.5,8762.5,8757.5,8641.5
2013-10-25,9015.5,9018.0,9034.0,9019.0,9015.5,9028.5,9029.0,9030.0,9032.5,9032.5,9028.0,9082.5,9074.0,9069.0,9068.5,9090.0,9080.0,9078.0,9073.5,9072.5,9078.5,9079.0,9077.5,9085.0,9083.0,9079.0,9050.5,9066.0,9077.5,9081.0,9086.0,9105.5,9093.5,9095.0,9087.0,9090.0,9093.5,9093.5,9096.0,9099.0,8780.0,8778.5,8711.0,8799.0,8757.5,8695.0,8746.0,8687.5,8630.5,8641.5,8839.5,8845.0,8862.0,8887.5,8957.0,8932.5,8960.5,8969.0,9052.0,9028.0,8256.5,8316.5,8616.0,8858.5,8762.5,8757.5,8641.5,8957.0
2013-10-28,9090.0,9080.0,9078.0,9073.5,9072.5,9078.5,9079.0,9077.5,9085.0,9083.0,9079.0,9050.5,9066.0,9077.5,9081.0,9086.0,9105.5,9093.5,9095.0,9087.0,9090.0,9093.5,9093.5,9096.0,9099.0,9093.5,9122.0,9102.0,9102.0,9092.0,9089.5,9077.0,9081.5,9064.5,9074.0,9091.5,9088.5,9090.5,9081.5,9087.0,8778.5,8711.0,8799.0,8757.5,8695.0,8746.0,8687.5,8630.5,8641.5,8839.5,8845.0,8862.0,8887.5,8957.0,8932.5,8960.5,8969.0,9052.0,9028.0,9079.0,8256.5,8316.5,8616.0,8858.5,8762.5,8757.5,8641.5,8957.0
2013-10-29,9086.0,9105.5,9093.5,9095.0,9087.0,9090.0,9093.5,9093.5,9096.0,9099.0,9093.5,9122.0,9102.0,9102.0,9092.0,9089.5,9077.0,9081.5,9064.5,9074.0,9091.5,9088.5,9090.5,9081.5,9087.0,9093.5,9072.5,9098.5,9093.0,9097.5,9104.5,9109.0,9104.5,9097.0,9110.5,9121.5,9119.0,9123.5,9126.5,9138.5,8711.0,8799.0,8757.5,8695.0,8746.0,8687.5,8630.5,8641.5,8839.5,8845.0,8862.0,8887.5,8957.0,8932.5,8960.5,8969.0,9052.0,9028.0,9079.0,9093.5,8256.5,8316.5,8616.0,8858.5,8762.5,8757.5,8641.5,8957.0
2013-10-30,9089.5,9077.0,9081.5,9064.5,9074.0,9091.5,9088.5,9090.5,9081.5,9087.0,9093.5,9072.5,9098.5,9093.0,9097.5,9104.5,9109.0,9104.5,9097.0,9110.5,9121.5,9119.0,9123.5,9126.5,9138.5,9138.5,9138.5,9161.5,9172.5,9163.5,9160.5,9145.5,9128.5,9128.0,9110.0,9119.0,9120.0,9100.5,9104.0,9105.5,8799.0,8757.5,8695.0,8746.0,8687.5,8630.5,8641.5,8839.5,8845.0,8862.0,8887.5,8957.0,8932.5,8960.5,8969.0,9052.0,9028.0,9079.0,9093.5,9093.5,8256.5,8316.5,8616.0,8858.5,8762.5,8757.5,8641.5,8957.0
2013-10-31,9104.5,9109.0,9104.5,9097.0,9110.5,9121.5,9119.0,9123.5,9126.5,9138.5,9138.5,9138.5,9161.5,9172.5,9163.5,9160.5,9145.5,9128.5,9128.0,9110.0,9119.0,9120.0,9100.5,9104.0,9105.5,9105.0,9090.5,9099.0,9098.0,9097.5,9118.0,9130.0,9112.5,9115.0,9126.0,9140.0,9144.0,9149.0,9135.5,9137.0,8757.5,8695.0,8746.0,8687.5,8630.5,8641.5,8839.5,8845.0,8862.0,8887.5,8957.0,8932.5,8960.5,8969.0,9052.0,9028.0,9079.0,9093.5,9093.5,9138.5,8256.5,8316.5,8616.0,8858.5,8762.5,8757.5,8641.5,8957.0
2013-11-01,9160.5,9145.5,9128.5,9128.0,9110.0,9119.0,9120.0,9100.5,9104.0,9105.5,9105.0,9090.5,9099.0,9098.0,9097.5,9118.0,9130.0,9112.5,9115.0,9126.0,9140.0,9144.0,9149.0,9135.5,9137.0,9132.5,9151.5,9124.0,9122.0,9123.5,9126.5,9124.5,9139.5,9138.5,9118.0,9119.0,9132.5,9127.0,9137.0,9133.0,8695.0,8746.0,8687.5,8630.5,8641.5,8839.5,8845.0,8862.0,8887.5,8957.0,8932.5,8960.5,8969.0,9052.0,9028.0,9079.0,9093.5,9093.5,9138.5,9105.0,8316.5,8616.0,8858.5,8762.5,8757.5,8641.5,8957.0,9028.0
2013-11-04,9118.0,9130.0,9112.5,9115.0,9126.0,9140.0,9144.0,9149.0,9135.5,9137.0,9132.5,9151.5,9124.0,9122.0,9123.5,9126.5,9124.5,9139.5,9138.5,9118.0,9119.0,9132.5,9127.0,9137.0,9133.0,9133.5,9137.0,9149.0,9140.5,9133.5,9144.0,9147.5,9151.0,9146.0,9138.5,9145.5,9146.0,9146.5,9153.5,9156.5,8746.0,8687.5,8630.5,8641.5,8839.5,8845.0,8862.0,8887.5,8957.0,8932.5,8960.5,8969.0,9052.0,9028.0,9079.0,9093.5,9093.5,9138.5,9105.0,9132.5,8316.5,8616.0,8858.5,8762.5,8757.5,8641.5,8957.0,9028.0
2013-11-05,9126.5,9124.5,9139.5,9138.5,9118.0,9119.0,9132.5,9127.0,9137.0,9133.0,9133.5,9137.0,9149.0,9140.5,9133.5,9144.0,9147.5,9151.0,9146.0,9138.5,9145.5,9146.0,9146.5,9153.5,9156.5,9164.0,9153.0,9136.0,9103.5,9110.0,9108.0,9102.0,9091.5,9090.0,9110.0,9121.0,9123.5,9118.5,9121.5,9121.5,8687.5,8630.5,8641.5,8839.5,8845.0,8862.0,8887.5,8957.0,8932.5,8960.5,8969.0,9052.0,9028.0,9079.0,9093.5,9093.5,9138.5,9105.0,9132.5,9133.5,8316.5,8616.0,8858.5,8762.5,8757.5,8641.5,8957.0,9028.0
2013-11-06,9144.0,9147.5,9151.0,9146.0,9138.5,9145.5,9146.0,9146.5,9153.5,9156.5,9164.0,9153.0,9136.0,9103.5,9110.0,9108.0,9102.0,9091.5,9090.0,9110.0,9121.0,9123.5,9118.5,9121.5,9121.5,9117.5,9140.5,9148.0,9147.0,9151.0,9151.5,9152.0,9154.0,9167.0,9135.5,9144.5,9146.0,9145.0,9145.5,9147.5,8630.5,8641.5,8839.5,8845.0,8862.0,8887.5,8957.0,8932.5,8960.5,8969.0,9052.0,9028.0,9079.0,9093.5,9093.5,9138.5,9105.0,9132.5,9133.5,9164.0,8316.5,8616.0,8858.5,8762.5,8757.5,8641.5,8957.0,9028.0
2013-11-07,9108.0,9102.0,9091.5,9090.0,9110.0,9121.0,9123.5,9118.5,9121.5,9121.5,9117.5,9140.5,9148.0,9147.0,9151.0,9151.5,9152.0,9154.0,9167.0,9135.5,9144.5,9146.0,9145.0,9145.5,9147.5,9146.0,9140.5,9151.5,9149.5,9151.0,9152.5,9251.0,9263.0,9235.0,9210.5,9202.0,9195.5,9159.0,9146.5,9120.5,8641.5,8839.5,8845.0,8862.0,8887.5,8957.0,8932.5,8960.5,8969.0,9052.0,9028.0,9079.0,9093.5,9093.5,9138.5,9105.0,9132.5,9133.5,9164.0,9117.5,8316.5,8616.0,8858.5,8762.5,8757.5,8641.5,8957.0,9028.0
2013-11-08,9151.5,9152.0,9154.0,9167.0,9135.5,9144.5,9146.0,9145.0,9145.5,9147.5,9146.0,9140.5,9151.5,9149.5,9151.0,9152.5,9251.0,9263.0,9235.0,9210.5,9202.0,9195.5,9159.0,9146.5,9120.5,9121.0,9137.0,9141.5,9138.0,9141.0,9123.5,9122.0,9136.0,9157.0,9176.5,9187.0,9190.5,9193.5,9193.5,9201.0,8839.5,8845.0,8862.0,8887.5,8957.0,8932.5,8960.5,8969.0,9052.0,9028.0,9079.0,9093.5,9093.5,9138.5,9105.0,9132.5,9133.5,9164.0,9117.5,9146.0,8616.0,8858.5,8762.5,8757.5,8641.5,8957.0,9028.0,9105.0
2013-11-11,9152.5,9251.0,9263.0,9235.0,9210.5,9202.0,9195.5,9159.0,9146.5,9120.5,9121.0,9137.0,9141.5,9138.0,9141.0,9123.5,9122.0,9136.0,9157.0,9176.5,9187.0,9190.5,9193.5,9193.5,9201.0,9204.5,9193.0,9179.0,9189.0,9199.0,9203.5,9209.0,9202.5,9219.5,9225.5,9222.0,9221.5,9222.0,9221.5,9218.5,8845.0,8862.0,8887.5,8957.0,8932.5,8960.5,8969.0,9052.0,9028.0,9079.0,9093.5,9093.5,9138.5,9105.0,9132.5,9133.5,9164.0,9117.5,9146.0,9121.0,8616.0,8858.5,8762.5,8757.5,8641.5,8957.0,9028.0,9105.0
2013-11-12,9123.5,9122.0,9136.0,9157.0,9176.5,9187.0,9190.5,9193.5,9193.5,9201.0,9204.5,9193.0,9179.0,9189.0,9199.0,9203.5,9209.0,9202.5,9219.5,9225.5,9222.0,9221.5,9222.0,9221.5,9218.5,9223.5,9214.0,9210.5,9201.0,9193.5,9190.5,9202.5,9190.0,9204.5,9193.5,9170.5,9179.0,9170.5,9176.5,9177.5,8862.0,8887.5,8957.0,8932.5,8960.5,8969.0,9052.0,9028.0,9079.0,9093.5,9093.5,9138.5,9105.0,9132.5,9133.5,9164.0,9117.5,9146.0,9121.0,9204.5,8616.0,8858.5,8762.5,8757.5,8641.5,8957.0,9028.0,9105.0
2013-11-13,9203.5,9209.0,9202.5,9219.5,9225.5,9222.0,9221.5,9222.0,9221.5,9218.5,9223.5,9214.0,9210.5,9201.0,9193.5,9190.5,9202.5,9190.0,9204.5,9193.5,9170.5,9179.0,9170.5,9176.5,9177.5,9183.0,9154.5,9165.0,9156.0,9156.0,9153.5,9120.0,9097.0,9124.5,9162.0,9159.5,9183.0,9201.5,9194.0,9211.5,8887.5,8957.0,8932.5,8960.5,8969.0,9052.0,9028.0,9079.0,9093.5,9093.5,9138.5,9105.0,9132.5,9133.5,9164.0,9117.5,9146.0,9121.0,9204.5,9223.5,8616.0,8858.5,8762.5,8757.5,8641.5,8957.0,9028.0,9105.0
2013-11-14,9190.5,9202.5,9190.0,9204.5,9193.5,9170.5,9179.0,9170.5,9176.5,9177.5,9183.0,9154.5,9165.0,9156.0,9156.0,9153.5,9120.0,9097.0,9124.5,9162.0,9159.5,9183.0,9201.5,9194.0,9211.5,9210.5,9243.5,9237.5,9244.5,9241.0,9227.0,9234.5,9226.0,9217.0,9235.0,9244.0,9243.0,9243.5,9247.5,9247.0,8957.0,8932.5,8960.5,8969.0,9052.0,9028.0,9079.0,9093.5,9093.5,9138.5,9105.0,9132.5,9133.5,9164.0,9117.5,9146.0,9121.0,9204.5,9223.5,9183.0,8616.0,8858.5,8762.5,8757.5,8641.5,8957.0,9028.0,9105.0
2013-11-15,9153.5,9120.0,9097.0,9124.5,9162.0,9159.5,9183.0,9201.5,9194.0,9211.5,9210.5,9243.5,9237.5,9244.5,9241.0,9227.0,9234.5,9226.0,9217.0,9235.0,9244.0,9243.0,9243.5,9247.5,9247.0,9252.0,9252.0,9255.5,9248.5,9269.5,9269.0,9279.0,9280.5,9262.5,9275.5,9265.5,9265.5,9270.5,9276.0,9281.5,8932.5,8960.5,8969.0,9052.0,9028.0,9079.0,9093.5,9093.5,9138.5,9105.0,9132.5,9133.5,9164.0,9117.5,9146.0,9121.0,9204.5,9223.5,9183.0,9210.5,8858.5,8762.5,8757.5,8641.5,8957.0,9028.0,9105.0,9146.0
2013-11-18,9227.0,9234.5,9226.0,9217.0,9235.0,9244.0,9243.0,9243.5,9247.5,9247.0,9252.0,9252.0,9255.5,9248.5,9269.5,9269.0,9279.0,9280.5,9262.5,9275.5,9265.5,9265.5,9270.5,9276.0,9281.5,9282.5,9263.0,9254.0,9279.0,9321.0,9337.5,9334.0,9338.0,9339.0,9334.0,9328.5,9333.0,9336.0,9325.5,9301.0,8960.5,8969.0,9052.0,9028.0,9079.0,9093.5,9093.5,9138.5,9105.0,9132.5,9133.5,9164.0,9117.5,9146.0,9121.0,9204.5,9223.5,9183.0,9210.5,9252.0,8858.5,8762.5,8757.5,8641.5,8957.0,9028.0,9105.0,9146.0
2013-11-19,9269.0,9279.0,9280.5,9262.5,9275.5,9265.5,9265.5,9270.5,9276.0,9281.5,9282.5,9263.0,9254.0,9279.0,9321.0,9337.5,9334.0,9338.0,9339.0,9334.0,9328.5,9333.0,9336.0,9325.5,9301.0,9306.0,9309.5,9297.0,9298.0,9291.0,9299.5,9304.0,9316.0,9306.5,9300.5,9296.0,9304.0,9280.0,9289.0,9288.0,8969.0,9052.0,9028.0,9079.0,9093.5,9093.5,9138.5,9105.0,9132.5,9133.5,9164.0,9117.5,9146.0,9121.0,9204.5,9223.5,9183.0,9210.5,9252.0,9282.5,8858.5,8762.5,8757.5,8641.5,8957.0,9028.0,9105.0,9146.0
2013-11-20,9337.5,9334.0,9338.0,9339.0,9334.0,9328.5,9333.0,9336.0,9325.5,9301.0,9306.0,9309.5,9297.0,9298.0,9291.0,9299.5,9304.0,9316.0,9306.5,9300.5,9296.0,9304.0,9280.0,9289.0,9288.0,9290.5,9291.0,9304.0,9299.0,9275.5,9288.0,9280.5,9295.5,9286.5,9300.5,9308.5,9311.0,9315.5,9284.0,9261.0,9052.0,9028.0,9079.0,9093.5,9093.5,9138.5,9105.0,9132.5,9133.5,9164.0,9117.5,9146.0,9121.0,9204.5,9223.5,9183.0,9210.5,9252.0,9282.5,9306.0,8858.5,8762.5,8757.5,8641.5,8957.0,9028.0,9105.0,9146.0
2013-11-21,9299.5,9304.0,9316.0,9306.5,9300.5,9296.0,9304.0,9280.0,9289.0,9288.0,9290.5,9291.0,9304.0,9299.0,9275.5,9288.0,9280.5,9295.5,9286.5,9300.5,9308.5,9311.0,9315.5,9284.0,9261.0,9267.5,9266.0,9242.0,9267.0,9276.0,9274.5,9274.5,9293.0,9295.0,9309.0,9304.5,9302.0,9311.0,9311.5,9314.0,9028.0,9079.0,9093.5,9093.5,9138.5,9105.0,9132.5,9133.5,9164.0,9117.5,9146.0,9121.0,9204.5,9223.5,9183.0,9210.5,9252.0,9282.5,9306.0,9290.5,8858.5,8762.5,8757.5,8641.5,8957.0,9028.0,9105.0,9146.0
2013-11-22,9288.0,9280.5,9295.5,9286.5,9300.5,9308.5,9311.0,9315.5,9284.0,9261.0,9267.5,9266.0,9242.0,9267.0,9276.0,9274.5,9274.5,9293.0,9295.0,9309.0,9304.5,9302.0,9311.0,9311.5,9314.0,9320.5,9323.0,9319.0,9301.5,9296.5,9291.5,9307.0,9316.0,9319.5,9318.5,9324.0,9325.5,9321.0,9329.5,9325.0,9079.0,9093.5,9093.5,9138.5,9105.0,9132.5,9133.5,9164.0,9117.5,9146.0,9121.0,9204.5,9223.5,9183.0,9210.5,9252.0,9282.5,9306.0,9290.5,9267.5,8762.5,8757.5,8641.5,8957.0,9028.0,9105.0,9146.0,9210.5
2013-11-25,9274.5,9274.5,9293.0,9295.0,9309.0,9304.5,9302.0,9311.0,9311.5,9314.0,9320.5,9323.0,9319.0,9301.5,9296.5,9291.5,9307.0,9316.0,9319.5,9318.5,9324.0,9325.5,9321.0,9329.5,9325.0,9329.0,9356.0,9382.5,9403.0,9405.0,9428.5,9416.0,9411.5,9402.5,9403.0,9405.5,9402.5,9405.5,9401.5,9390.5,9093.5,9093.5,9138.5,9105.0,9132.5,9133.5,9164.0,9117.5,9146.0,9121.0,9204.5,9223.5,9183.0,9210.5,9252.0,9282.5,9306.0,9290.5,9267.5,9320.5,8762.5,8757.5,8641.5,8957.0,9028.0,9105.0,9146.0,9210.5
2013-11-26,9291.5,9307.0,9316.0,9319.5,9318.5,9324.0,9325.5,9321.0,9329.5,9325.0,9329.0,9356.0,9382.5,9403.0,9405.0,9428.5,9416.0,9411.5,9402.5,9403.0,9405.5,9402.5,9405.5,9401.5,9390.5,9393.5,9406.0,9409.0,9403.0,9405.0,9411.5,9414.0,9408.0,9410.0,9406.5,9405.0,9414.0,9412.5,9413.5,9412.0,9093.5,9138.5,9105.0,9132.5,9133.5,9164.0,9117.5,9146.0,9121.0,9204.5,9223.5,9183.0,9210.5,9252.0,9282.5,9306.0,9290.5,9267.5,9320.5,9329.0,8762.5,8757.5,8641.5,8957.0,9028.0,9105.0,9146.0,9210.5
2013-11-27,9428.5,9416.0,9411.5,9402.5,9403.0,9405.5,9402.5,9405.5,9401.5,9390.5,9393.5,9406.0,9409.0,9403.0,9405.0,9411.5,9414.0,9408.0,9410.0,9406.5,9405.0,9414.0,9412.5,9413.5,9412.0,9411.0,9415.5,9405.0,9418.5,9417.0,9419.0,9425.5,9429.5,9465.0,9457.5,9458.5,9456.0,9455.0,9463.0,9465.0,9138.5,9105.0,9132.5,9133.5,9164.0,9117.5,9146.0,9121.0,9204.5,9223.5,9183.0,9210.5,9252.0,9282.5,9306.0,9290.5,9267.5,9320.5,9329.0,9393.5,8762.5,8757.5,8641.5,8957.0,9028.0,9105.0,9146.0,9210.5
2013-11-28,9411.5,9414.0,9408.0,9410.0,9406.5,9405.0,9414.0,9412.5,9413.5,9412.0,9411.0,9415.5,9405.0,9418.5,9417.0,9419.0,9425.5,9429.5,9465.0,9457.5,9458.5,9456.0,9455.0,9463.0,9465.0,9460.5,9465.0,9484.0,9498.5,9492.0,9493.5,9489.0,9494.0,9495.0,9498.0,9496.0,9498.5,9497.5,9499.0,9500.5,9105.0,9132.5,9133.5,9164.0,9117.5,9146.0,9121.0,9204.5,9223.5,9183.0,9210.5,9252.0,9282.5,9306.0,9290.5,9267.5,9320.5,9329.0,9393.5,9411.0,8762.5,8757.5,8641.5,8957.0,9028.0,9105.0,9146.0,9210.5
2013-11-29,9419.0,9425.5,9429.5,9465.0,9457.5,9458.5,9456.0,9455.0,9463.0,9465.0,9460.5,9465.0,9484.0,9498.5,9492.0,9493.5,9489.0,9494.0,9495.0,9498.0,9496.0,9498.5,9497.5,9499.0,9500.5,9495.5,9492.5,9496.5,9498.5,9498.5,9504.0,9501.5,9500.5,9521.0,9521.0,9518.0,9512.0,9516.5,9515.5,9511.5,9132.5,9133.5,9164.0,9117.5,9146.0,9121.0,9204.5,9223.5,9183.0,9210.5,9252.0,9282.5,9306.0,9290.5,9267.5,9320.5,9329.0,9393.5,9411.0,9460.5,8757.5,8641.5,8957.0,9028.0,9105.0,9146.0,9210.5,9267.5
2013-12-02,9493.5,9489.0,9494.0,9495.0,9498.0,9496.0,9498.5,9497.5,9499.0,9500.5,9495.5,9492.5,9496.5,9498.5,9498.5,9504.0,9501.5,9500.5,9521.0,9521.0,9518.0,9512.0,9516.5,9515.5,9511.5,9511.5,9518.5,9516.5,9511.5,9508.5,9513.5,9521.0,9520.0,9512.0,9517.5,9515.5,9517.0,9512.0,9510.0,9492.5,9133.5,9164.0,9117.5,9146.0,9121.0,9204.5,9223.5,9183.0,9210.5,9252.0,9282.5,9306.0,9290.5,9267.5,9320.5,9329.0,9393.5,9411.0,9460.5,9495.5,8757.5,8641.5,8957.0,9028.0,9105.0,9146.0,9210.5,9267.5
2013-12-03,9504.0,9501.5,9500.5,9521.0,9521.0,9518.0,9512.0,9516.5,9515.5,9511.5,9511.5,9518.5,9516.5,9511.5,9508.5,9513.5,9521.0,9520.0,9512.0,9517.5,9515.5,9517.0,9512.0,9510.0,9492.5,9491.5,9505.0,9498.0,9453.5,9428.0,9408.5,9410.0,9377.0,9376.0,9368.0,9315.0,9321.0,9318.0,9329.0,9331.5,9164.0,9117.5,9146.0,9121.0,9204.5,9223.5,9183.0,9210.5,9252.0,9282.5,9306.0,9290.5,9267.5,9320.5,9329.0,9393.5,9411.0,9460.5,9495.5,9511.5,8757.5,8641.5,8957.0,9028.0,9105.0,9146.0,9210.5,9267.5
2013-12-04,9513.5,9521.0,9520.0,9512.0,9517.5,9515.5,9517.0,9512.0,9510.0,9492.5,9491.5,9505.0,9498.0,9453.5,9428.0,9408.5,9410.0,9377.0,9376.0,9368.0,9315.0,9321.0,9318.0,9329.0,9331.5,9336.0,9355.0,9343.5,9350.5,9327.0,9332.0,9259.0,9224.5,9219.5,9284.0,9244.5,9230.5,9195.0,9230.5,9252.5,9117.5,9146.0,9121.0,9204.5,9223.5,9183.0,9210.5,9252.0,9282.5,9306.0,9290.5,9267.5,9320.5,9329.0,9393.5,9411.0,9460.5,9495.5,9511.5,9491.5,8757.5,8641.5,8957.0,9028.0,9105.0,9146.0,9210.5,9267.5
2013-12-05,9408.5,9410.0,9377.0,9376.0,9368.0,9315.0,9321.0,9318.0,9329.0,9331.5,9336.0,9355.0,9343.5,9350.5,9327.0,9332.0,9259.0,9224.5,9219.5,9284.0,9244.5,9230.5,9195.0,9230.5,9252.5,9250.0,9228.5,9252.0,9254.5,9252.5,9252.5,9250.5,9249.0,9236.0,9216.0,9205.0,9205.0,9188.5,9185.5,9193.5,9146.0,9121.0,9204.5,9223.5,9183.0,9210.5,9252.0,9282.5,9306.0,9290.5,9267.5,9320.5,9329.0,9393.5,9411.0,9460.5,9495.5,9511.5,9491.5,9336.0,8757.5,8641.5,8957.0,9028.0,9105.0,9146.0,9210.5,9267.5
2013-12-06,9332.0,9259.0,9224.5,9219.5,9284.0,9244.5,9230.5,9195.0,9230.5,9252.5,9250.0,9228.5,9252.0,9254.5,9252.5,9252.5,9250.5,9249.0,9236.0,9216.0,9205.0,9205.0,9188.5,9185.5,9193.5,9186.5,9238.5,9227.5,9247.0,9235.5,9229.5,9228.0,9276.0,9280.5,9271.0,9274.0,9283.0,9311.5,9308.5,9314.0,9121.0,9204.5,9223.5,9183.0,9210.5,9252.0,9282.5,9306.0,9290.5,9267.5,9320.5,9329.0,9393.5,9411.0,9460.5,9495.5,9511.5,9491.5,9336.0,9250.0,8641.5,8957.0,9028.0,9105.0,9146.0,9210.5,9267.5,9460.5
2013-12-09,9252.5,9250.5,9249.0,9236.0,9216.0,9205.0,9205.0,9188.5,9185.5,9193.5,9186.5,9238.5,9227.5,9247.0,9235.5,9229.5,9228.0,9276.0,9280.5,9271.0,9274.0,9283.0,9311.5,9308.5,9314.0,9308.0,9329.0,9312.0,9307.0,9285.5,9288.0,9312.0,9314.0,9310.0,9301.0,9298.0,9295.5,9296.0,9296.5,9293.0,9204.5,9223.5,9183.0,9210.5,9252.0,9282.5,9306.0,9290.5,9267.5,9320.5,9329.0,9393.5,9411.0,9460.5,9495.5,9511.5,9491.5,9336.0,9250.0,9186.5,8641.5,8957.0,9028.0,9105.0,9146.0,9210.5,9267.5,9460.5
2013-12-10,9229.5,9228.0,9276.0,9280.5,9271.0,9274.0,9283.0,9311.5,9308.5,9314.0,9308.0,9329.0,9312.0,9307.0,9285.5,9288.0,9312.0,9314.0,9310.0,9301.0,9298.0,9295.5,9296.0,9296.5,9293.0,9288.5,9280.5,9319.0,9321.5,9316.0,9315.0,9291.5,9226.5,9200.5,9250.0,9218.0,9222.0,9211.5,9219.5,9218.0,9223.5,9183.0,9210.5,9252.0,9282.5,9306.0,9290.5,9267.5,9320.5,9329.0,9393.5,9411.0,9460.5,9495.5,9511.5,9491.5,9336.0,9250.0,9186.5,9308.0,8641.5,8957.0,9028.0,9105.0,9146.0,9210.5,9267.5,9460.5
2013-12-11,9288.0,9312.0,9314.0,9310.0,9301.0,9298.0,9295.5,9296.0,9296.5,9293.0,9288.5,9280.5,9319.0,9321.5,9316.0,9315.0,9291.5,9226.5,9200.5,9250.0,9218.0,9222.0,9211.5,9219.5,9218.0,9222.0,9203.5,9218.5,9240.0,9224.5,9233.0,9253.0,9244.0,9210.5,9194.0,9182.5,9157.5,9170.5,9171.0,9145.5,9183.0,9210.5,9252.0,9282.5,9306.0,9290.5,9267.5,9320.5,9329.0,9393.5,9411.0,9460.5,9495.5,9511.5,9491.5,9336.0,9250.0,9186.5,9308.0,9288.5,8641.5,8957.0,9028.0,9105.0,9146.0,9210.5,9267.5,9460.5
2013-12-12,9315.0,9291.5,9226.5,9200.5,9250.0,9218.0,9222.0,9211.5,9219.5,9218.0,9222.0,9203.5,9218.5,9240.0,9224.5,9233.0,9253.0,9244.0,9210.5,9194.0,9182.5,9157.5,9170.5,9171.0,9145.5,9147.5,9148.0,9134.5,9140.0,9122.0,9119.5,9106.5,9149.5,9115.0,9130.5,9124.5,9111.5,9120.5,9130.5,9113.0,9210.5,9252.0,9282.5,9306.0,9290.5,9267.5,9320.5,9329.0,9393.5,9411.0,9460.5,9495.5,9511.5,9491.5,9336.0,9250.0,9186.5,9308.0,9288.5,9222.0,8641.5,8957.0,9028.0,9105.0,9146.0,9210.5,9267.5,9460.5
2013-12-13,9233.0,9253.0,9244.0,9210.5,9194.0,9182.5,9157.5,9170.5,9171.0,9145.5,9147.5,9148.0,9134.5,9140.0,9122.0,9119.5,9106.5,9149.5,9115.0,9130.5,9124.5,9111.5,9120.5,9130.5,9113.0,9112.5,9136.0,9142.5,9140.0,9145.5,9143.5,9139.5,9116.0,9114.5,9123.5,9115.0,9131.0,9135.5,9129.5,9136.5,9252.0,9282.5,9306.0,9290.5,9267.5,9320.5,9329.0,9393.5,9411.0,9460.5,9495.5,9511.5,9491.5,9336.0,9250.0,9186.5,9308.0,9288.5,9222.0,9147.5,8957.0,9028.0,9105.0,9146.0,9210.5,9267.5,9460.5,9250.0
2013-12-16,9119.5,9106.5,9149.5,9115.0,9130.5,9124.5,9111.5,9120.5,9130.5,9113.0,9112.5,9136.0,9142.5,9140.0,9145.5,9143.5,9139.5,9116.0,9114.5,9123.5,9115.0,9131.0,9135.5,9129.5,9136.5,9134.0,9101.5,9139.0,9161.0,9221.0,9234.5,9244.5,9266.5,9279.5,9273.5,9270.0,9254.5,9263.5,9265.0,9267.0,9282.5,9306.0,9290.5,9267.5,9320.5,9329.0,9393.5,9411.0,9460.5,9495.5,9511.5,9491.5,9336.0,9250.0,9186.5,9308.0,9288.5,9222.0,9147.5,9112.5,8957.0,9028.0,9105.0,9146.0,9210.5,9267.5,9460.5,9250.0
2013-12-17,9143.5,9139.5,9116.0,9114.5,9123.5,9115.0,9131.0,9135.5,9129.5,9136.5,9134.0,9101.5,9139.0,9161.0,9221.0,9234.5,9244.5,9266.5,9279.5,9273.5,9270.0,9254.5,9263.5,9265.0,9267.0,9267.5,9251.0,9240.5,9227.5,9235.5,9244.0,9256.5,9257.5,9233.0,9215.0,9198.0,9208.0,9204.0,9212.0,9210.0,9306.0,9290.5,9267.5,9320.5,9329.0,9393.5,9411.0,9460.5,9495.5,9511.5,9491.5,9336.0,9250.0,9186.5,9308.0,9288.5,9222.0,9147.5,9112.5,9134.0,8957.0,9028.0,9105.0,9146.0,9210.5,9267.5,9460.5,9250.0
2013-12-18,9234.5,9244.5,9266.5,9279.5,9273.5,9270.0,9254.5,9263.5,9265.0,9267.0,9267.5,9251.0,9240.5,9227.5,9235.5,9244.0,9256.5,9257.5,9233.0,9215.0,9198.0,9208.0,9204.0,9212.0,9210.0,9209.5,9236.0,9247.0,9253.5,9278.5,9291.5,9276.0,9285.5,9281.0,9280.5,9284.5,9291.0,9286.0,9341.0,9368.5,9290.5,9267.5,9320.5,9329.0,9393.5,9411.0,9460.5,9495.5,9511.5,9491.5,9336.0,9250.0,9186.5,9308.0,9288.5,9222.0,9147.5,9112.5,9134.0,9267.5,8957.0,9028.0,9105.0,9146.0,9210.5,9267.5,9460.5,9250.0
2013-12-19,9244.0,9256.5,9257.5,9233.0,9215.0,9198.0,9208.0,9204.0,9212.0,9210.0,9209.5,9236.0,9247.0,9253.5,9278.5,9291.5,9276.0,9285.5,9281.0,9280.5,9284.5,9291.0,9286.0,9341.0,9368.5,9381.5,9378.0,9435.5,9420.5,9416.5,9409.5,9410.5,9390.5,9384.0,9428.0,9441.5,9447.5,9449.0,9443.5,9446.0,9267.5,9320.5,9329.0,9393.5,9411.0,9460.5,9495.5,9511.5,9491.5,9336.0,9250.0,9186.5,9308.0,9288.5,9222.0,9147.5,9112.5,9134.0,9267.5,9209.5,8957.0,9028.0,9105.0,9146.0,9210.5,9267.5,9460.5,9250.0
2013-12-20,9291.5,9276.0,9285.5,9281.0,9280.5,9284.5,9291.0,9286.0,9341.0,9368.5,9381.5,9378.0,9435.5,9420.5,9416.5,9409.5,9410.5,9390.5,9384.0,9428.0,9441.5,9447.5,9449.0,9443.5,9446.0,9454.5,9467.5,9467.5,9498.5,9481.0,9468.5,9479.5,9489.0,9496.5,9498.0,9514.0,9508.0,9512.5,9506.0,9505.0,9320.5,9329.0,9393.5,9411.0,9460.5,9495.5,9511.5,9491.5,9336.0,9250.0,9186.5,9308.0,9288.5,9222.0,9147.5,9112.5,9134.0,9267.5,9209.5,9381.5,9028.0,9105.0,9146.0,9210.5,9267.5,9460.5,9250.0,9147.5
2013-12-23,9409.5,9410.5,9390.5,9384.0,9428.0,9441.5,9447.5,9449.0,9443.5,9446.0,9454.5,9467.5,9467.5,9498.5,9481.0,9468.5,9479.5,9489.0,9496.5,9498.0,9514.0,9508.0,9512.5,9506.0,9505.0,9499.0,9547.5,9537.5,9544.5,9544.5,9557.5,9565.5,9570.5,9571.5,9564.0,9592.5,9598.5,9584.0,9591.0,9603.5,9329.0,9393.5,9411.0,9460.5,9495.5,9511.5,9491.5,9336.0,9250.0,9186.5,9308.0,9288.5,9222.0,9147.5,9112.5,9134.0,9267.5,9209.5,9381.5,9454.5,9028.0,9105.0,9146.0,9210.5,9267.5,9460.5,9250.0,9147.5
2013-12-27,9468.5,9479.5,9489.0,9496.5,9498.0,9514.0,9508.0,9512.5,9506.0,9505.0,9499.0,9547.5,9537.5,9544.5,9544.5,9557.5,9565.5,9570.5,9571.5,9564.0,9592.5,9598.5,9584.0,9591.0,9603.5,9598.0,9657.5,9665.5,9664.5,9657.5,9663.5,9669.0,9668.5,9671.5,9660.5,9688.0,9686.0,9687.0,9692.0,9690.5,9393.5,9411.0,9460.5,9495.5,9511.5,9491.5,9336.0,9250.0,9186.5,9308.0,9288.5,9222.0,9147.5,9112.5,9134.0,9267.5,9209.5,9381.5,9454.5,9499.0,9028.0,9105.0,9146.0,9210.5,9267.5,9460.5,9250.0,9147.5
2013-12-30,9557.5,9565.5,9570.5,9571.5,9564.0,9592.5,9598.5,9584.0,9591.0,9603.5,9598.0,9657.5,9665.5,9664.5,9657.5,9663.5,9669.0,9668.5,9671.5,9660.5,9688.0,9686.0,9687.0,9692.0,9690.5,9684.0,9694.0,9685.5,9677.0,9685.5,9678.0,9676.0,9675.5,9685.5,9682.5,9696.0,9695.0,9699.0,9702.0,9703.0,9411.0,9460.5,9495.5,9511.5,9491.5,9336.0,9250.0,9186.5,9308.0,9288.5,9222.0,9147.5,9112.5,9134.0,9267.5,9209.5,9381.5,9454.5,9499.0,9598.0,9105.0,9146.0,9210.5,9267.5,9460.5,9250.0,9147.5,9381.5
2014-01-02,9663.5,9669.0,9668.5,9671.5,9660.5,9688.0,9686.0,9687.0,9692.0,9690.5,9684.0,9694.0,9685.5,9677.0,9685.5,9678.0,9676.0,9675.5,9685.5,9682.5,9696.0,9695.0,9699.0,9702.0,9703.0,9701.5,9714.5,9635.0,9591.0,9607.0,9606.5,9606.5,9587.0,9536.5,9499.5,9482.0,9481.5,9476.5,9485.5,9498.0,9460.5,9495.5,9511.5,9491.5,9336.0,9250.0,9186.5,9308.0,9288.5,9222.0,9147.5,9112.5,9134.0,9267.5,9209.5,9381.5,9454.5,9499.0,9598.0,9684.0,9105.0,9146.0,9210.5,9267.5,9460.5,9250.0,9147.5,9381.5
2014-01-03,9678.0,9676.0,9675.5,9685.5,9682.5,9696.0,9695.0,9699.0,9702.0,9703.0,9701.5,9714.5,9635.0,9591.0,9607.0,9606.5,9606.5,9587.0,9536.5,9499.5,9482.0,9481.5,9476.5,9485.5,9498.0,9496.5,9498.0,9492.5,9517.0,9516.5,9521.5,9538.5,9531.5,9533.5,9542.5,9525.0,9524.5,9524.0,9538.0,9524.5,9495.5,9511.5,9491.5,9336.0,9250.0,9186.5,9308.0,9288.5,9222.0,9147.5,9112.5,9134.0,9267.5,9209.5,9381.5,9454.5,9499.0,9598.0,9684.0,9701.5,9105.0,9146.0,9210.5,9267.5,9460.5,9250.0,9147.5,9381.5
2014-01-06,9606.5,9606.5,9587.0,9536.5,9499.5,9482.0,9481.5,9476.5,9485.5,9498.0,9496.5,9498.0,9492.5,9517.0,9516.5,9521.5,9538.5,9531.5,9533.5,9542.5,9525.0,9524.5,9524.0,9538.0,9524.5,9522.0,9517.5,9508.0,9541.0,9543.0,9554.5,9551.5,9549.5,9544.5,9542.5,9538.5,9538.5,9539.5,9542.5,9537.0,9511.5,9491.5,9336.0,9250.0,9186.5,9308.0,9288.5,9222.0,9147.5,9112.5,9134.0,9267.5,9209.5,9381.5,9454.5,9499.0,9598.0,9684.0,9701.5,9496.5,9146.0,9210.5,9267.5,9460.5,9250.0,9147.5,9381.5,9598.0
2014-01-07,9521.5,9538.5,9531.5,9533.5,9542.5,9525.0,9524.5,9524.0,9538.0,9524.5,9522.0,9517.5,9508.0,9541.0,9543.0,9554.5,9551.5,9549.5,9544.5,9542.5,9538.5,9538.5,9539.5,9542.5,9537.0,9532.0,9540.5,9532.0,9551.5,9579.5,9577.0,9585.0,9578.0,9581.0,9608.0,9597.0,9593.5,9588.0,9596.0,9602.5,9491.5,9336.0,9250.0,9186.5,9308.0,9288.5,9222.0,9147.5,9112.5,9134.0,9267.5,9209.5,9381.5,9454.5,9499.0,9598.0,9684.0,9701.5,9496.5,9522.0,9146.0,9210.5,9267.5,9460.5,9250.0,9147.5,9381.5,9598.0
2014-01-08,9554.5,9551.5,9549.5,9544.5,9542.5,9538.5,9538.5,9539.5,9542.5,9537.0,9532.0,9540.5,9532.0,9551.5,9579.5,9577.0,9585.0,9578.0,9581.0,9608.0,9597.0,9593.5,9588.0,9596.0,9602.5,9595.5,9614.5,9589.5,9588.5,9574.0,9581.0,9595.5,9587.0,9574.0,9589.0,9603.0,9593.5,9596.0,9593.0,9584.0,9336.0,9250.0,9186.5,9308.0,9288.5,9222.0,9147.5,9112.5,9134.0,9267.5,9209.5,9381.5,9454.5,9499.0,9598.0,9684.0,9701.5,9496.5,9522.0,9532.0,9146.0,9210.5,9267.5,9460.5,9250.0,9147.5,9381.5,9598.0
2014-01-09,9577.0,9585.0,9578.0,9581.0,9608.0,9597.0,9593.5,9588.0,9596.0,9602.5,9595.5,9614.5,9589.5,9588.5,9574.0,9581.0,9595.5,9587.0,9574.0,9589.0,9603.0,9593.5,9596.0,9593.0,9584.0,9583.0,9578.0,9569.5,9629.0,9635.0,9628.5,9621.5,9607.5,9587.5,9550.5,9529.0,9545.5,9541.0,9549.0,9547.5,9250.0,9186.5,9308.0,9288.5,9222.0,9147.5,9112.5,9134.0,9267.5,9209.5,9381.5,9454.5,9499.0,9598.0,9684.0,9701.5,9496.5,9522.0,9532.0,9595.5,9146.0,9210.5,9267.5,9460.5,9250.0,9147.5,9381.5,9598.0
2014-01-10,9581.0,9595.5,9587.0,9574.0,9589.0,9603.0,9593.5,9596.0,9593.0,9584.0,9583.0,9578.0,9569.5,9629.0,9635.0,9628.5,9621.5,9607.5,9587.5,9550.5,9529.0,9545.5,9541.0,9549.0,9547.5,9547.5,9557.5,9572.0,9565.5,9591.0,9605.0,9611.0,9600.5,9569.0,9562.0,9569.5,9582.0,9586.5,9587.0,9599.0,9186.5,9308.0,9288.5,9222.0,9147.5,9112.5,9134.0,9267.5,9209.5,9381.5,9454.5,9499.0,9598.0,9684.0,9701.5,9496.5,9522.0,9532.0,9595.5,9583.0,9146.0,9210.5,9267.5,9460.5,9250.0,9147.5,9381.5,9598.0
2014-01-13,9628.5,9621.5,9607.5,9587.5,9550.5,9529.0,9545.5,9541.0,9549.0,9547.5,9547.5,9557.5,9572.0,9565.5,9591.0,9605.0,9611.0,9600.5,9569.0,9562.0,9569.5,9582.0,9586.5,9587.0,9599.0,9600.5,9588.5,9589.0,9609.5,9586.0,9585.5,9591.5,9583.5,9585.0,9601.5,9607.5,9585.5,9571.5,9551.5,9532.5,9308.0,9288.5,9222.0,9147.5,9112.5,9134.0,9267.5,9209.5,9381.5,9454.5,9499.0,9598.0,9684.0,9701.5,9496.5,9522.0,9532.0,9595.5,9583.0,9547.5,9210.5,9267.5,9460.5,9250.0,9147.5,9381.5,9598.0,9496.5
2014-01-14,9605.0,9611.0,9600.5,9569.0,9562.0,9569.5,9582.0,9586.5,9587.0,9599.0,9600.5,9588.5,9589.0,9609.5,9586.0,9585.5,9591.5,9583.5,9585.0,9601.5,9607.5,9585.5,9571.5,9551.5,9532.5,9528.0,9505.0,9540.5,9549.5,9542.5,9555.5,9584.0,9591.0,9567.0,9589.0,9643.5,9656.5,9651.5,9658.5,9666.0,9288.5,9222.0,9147.5,9112.5,9134.0,9267.5,9209.5,9381.5,9454.5,9499.0,9598.0,9684.0,9701.5,9496.5,9522.0,9532.0,9595.5,9583.0,9547.5,9600.5,9210.5,9267.5,9460.5,9250.0,9147.5,9381.5,9598.0,9496.5
2014-01-15,9585.5,9591.5,9583.5,9585.0,9601.5,9607.5,9585.5,9571.5,9551.5,9532.5,9528.0,9505.0,9540.5,9549.5,9542.5,9555.5,9584.0,9591.0,9567.0,9589.0,9643.5,9656.5,9651.5,9658.5,9666.0,9667.0,9678.5,9719.5,9713.0,9719.5,9745.0,9761.0,9765.5,9803.5,9823.0,9829.0,9835.5,9836.5,9857.0,9863.0,9222.0,9147.5,9112.5,9134.0,9267.5,9209.5,9381.5,9454.5,9499.0,9598.0,9684.0,9701.5,9496.5,9522.0,9532.0,9595.5,9583.0,9547.5,9600.5,9528.0,9210.5,9267.5,9460.5,9250.0,9147.5,9381.5,9598.0,9496.5
2014-01-16,9555.5,9584.0,9591.0,9567.0,9589.0,9643.5,9656.5,9651.5,9658.5,9666.0,9667.0,9678.5,9719.5,9713.0,9719.5,9745.0,9761.0,9765.5,9803.5,9823.0,9829.0,9835.5,9836.5,9857.0,9863.0,9860.5,9845.5,9837.0,9823.0,9824.0,9818.5,9817.0,9814.0,9831.0,9806.0,9812.5,9823.5,9828.0,9832.0,9830.5,9147.5,9112.5,9134.0,9267.5,9209.5,9381.5,9454.5,9499.0,9598.0,9684.0,9701.5,9496.5,9522.0,9532.0,9595.5,9583.0,9547.5,9600.5,9528.0,9667.0,9210.5,9267.5,9460.5,9250.0,9147.5,9381.5,9598.0,9496.5
2014-01-17,9745.0,9761.0,9765.5,9803.5,9823.0,9829.0,9835.5,9836.5,9857.0,9863.0,9860.5,9845.5,9837.0,9823.0,9824.0,9818.5,9817.0,9814.0,9831.0,9806.0,9812.5,9823.5,9828.0,9832.0,9830.5,9831.0,9818.0,9833.5,9846.0,9877.0,9880.0,9840.0,9823.0,9823.0,9841.0,9837.5,9844.0,9829.5,9819.0,9807.0,9112.5,9134.0,9267.5,9209.5,9381.5,9454.5,9499.0,9598.0,9684.0,9701.5,9496.5,9522.0,9532.0,9595.5,9583.0,9547.5,9600.5,9528.0,9667.0,9860.5,9210.5,9267.5,9460.5,9250.0,9147.5,9381.5,9598.0,9496.5
2014-01-20,9818.5,9817.0,9814.0,9831.0,9806.0,9812.5,9823.5,9828.0,9832.0,9830.5,9831.0,9818.0,9833.5,9846.0,9877.0,9880.0,9840.0,9823.0,9823.0,9841.0,9837.5,9844.0,9829.5,9819.0,9807.0,9810.0,9797.0,9811.0,9806.5,9821.0,9819.5,9807.0,9804.0,9798.0,9801.0,9816.5,9815.5,9815.0,9816.0,9814.5,9134.0,9267.5,9209.5,9381.5,9454.5,9499.0,9598.0,9684.0,9701.5,9496.5,9522.0,9532.0,9595.5,9583.0,9547.5,9600.5,9528.0,9667.0,9860.5,9831.0,9267.5,9460.5,9250.0,9147.5,9381.5,9598.0,9496.5,9547.5
2014-01-21,9880.0,9840.0,9823.0,9823.0,9841.0,9837.5,9844.0,9829.5,9819.0,9807.0,9810.0,9797.0,9811.0,9806.5,9821.0,9819.5,9807.0,9804.0,9798.0,9801.0,9816.5,9815.5,9815.0,9816.0,9814.5,9815.5,9832.0,9831.0,9837.5,9844.0,9850.5,9863.5,9866.5,9867.5,9832.5,9825.0,9836.0,9846.5,9850.5,9852.5,9267.5,9209.5,9381.5,9454.5,9499.0,9598.0,9684.0,9701.5,9496.5,9522.0,9532.0,9595.5,9583.0,9547.5,9600.5,9528.0,9667.0,9860.5,9831.0,9810.0,9267.5,9460.5,9250.0,9147.5,9381.5,9598.0,9496.5,9547.5
2014-01-22,9819.5,9807.0,9804.0,9798.0,9801.0,9816.5,9815.5,9815.0,9816.0,9814.5,9815.5,9832.0,9831.0,9837.5,9844.0,9850.5,9863.5,9866.5,9867.5,9832.5,9825.0,9836.0,9846.5,9850.5,9852.5,9849.5,9850.5,9832.5,9817.5,9797.0,9803.5,9809.5,9838.5,9832.0,9806.5,9820.0,9834.5,9828.5,9830.5,9831.0,9209.5,9381.5,9454.5,9499.0,9598.0,9684.0,9701.5,9496.5,9522.0,9532.0,9595.5,9583.0,9547.5,9600.5,9528.0,9667.0,9860.5,9831.0,9810.0,9815.5,9267.5,9460.5,9250.0,9147.5,9381.5,9598.0,9496.5,9547.5
2014-01-23,9850.5,9863.5,9866.5,9867.5,9832.5,9825.0,9836.0,9846.5,9850.5,9852.5,9849.5,9850.5,9832.5,9817.5,9797.0,9803.5,9809.5,9838.5,9832.0,9806.5,9820.0,9834.5,9828.5,9830.5,9831.0,9829.0,9786.0,9813.0,9812.0,9805.0,9789.5,9795.5,9752.0,9739.0,9704.5,9739.5,9726.5,9717.0,9730.0,9738.5,9381.5,9454.5,9499.0,9598.0,9684.0,9701.5,9496.5,9522.0,9532.0,9595.5,9583.0,9547.5,9600.5,9528.0,9667.0,9860.5,9831.0,9810.0,9815.5,9849.5,9267.5,9460.5,9250.0,9147.5,9381.5,9598.0,9496.5,9547.5
2014-01-24,9803.5,9809.5,9838.5,9832.0,9806.5,9820.0,9834.5,9828.5,9830.5,9831.0,9829.0,9786.0,9813.0,9812.0,9805.0,9789.5,9795.5,9752.0,9739.0,9704.5,9739.5,9726.5,9717.0,9730.0,9738.5,9743.0,9749.5,9706.0,9712.5,9653.0,9613.0,9597.5,9615.5,9568.5,9501.0,9508.0,9502.5,9496.5,9477.5,9446.5,9454.5,9499.0,9598.0,9684.0,9701.5,9496.5,9522.0,9532.0,9595.5,9583.0,9547.5,9600.5,9528.0,9667.0,9860.5,9831.0,9810.0,9815.5,9849.5,9829.0,9267.5,9460.5,9250.0,9147.5,9381.5,9598.0,9496.5,9547.5
2014-01-27,9789.5,9795.5,9752.0,9739.0,9704.5,9739.5,9726.5,9717.0,9730.0,9738.5,9743.0,9749.5,9706.0,9712.5,9653.0,9613.0,9597.5,9615.5,9568.5,9501.0,9508.0,9502.5,9496.5,9477.5,9446.5,9438.0,9491.0,9484.0,9455.5,9462.0,9460.5,9479.5,9474.0,9479.5,9446.5,9426.0,9404.0,9440.5,9462.0,9430.0,9499.0,9598.0,9684.0,9701.5,9496.5,9522.0,9532.0,9595.5,9583.0,9547.5,9600.5,9528.0,9667.0,9860.5,9831.0,9810.0,9815.5,9849.5,9829.0,9743.0,9460.5,9250.0,9147.5,9381.5,9598.0,9496.5,9547.5,9831.0
2014-01-28,9613.0,9597.5,9615.5,9568.5,9501.0,9508.0,9502.5,9496.5,9477.5,9446.5,9438.0,9491.0,9484.0,9455.5,9462.0,9460.5,9479.5,9474.0,9479.5,9446.5,9426.0,9404.0,9440.5,9462.0,9430.0,9431.5,9504.5,9499.0,9505.0,9517.5,9505.5,9481.5,9467.0,9505.0,9505.0,9503.5,9539.5,9547.0,9551.0,9538.0,9598.0,9684.0,9701.5,9496.5,9522.0,9532.0,9595.5,9583.0,9547.5,9600.5,9528.0,9667.0,9860.5,9831.0,9810.0,9815.5,9849.5,9829.0,9743.0,9438.0,9460.5,9250.0,9147.5,9381.5,9598.0,9496.5,9547.5,9831.0
2014-01-29,9460.5,9479.5,9474.0,9479.5,9446.5,9426.0,9404.0,9440.5,9462.0,9430.0,9431.5,9504.5,9499.0,9505.0,9517.5,9505.5,9481.5,9467.0,9505.0,9505.0,9503.5,9539.5,9547.0,9551.0,9538.0,9543.5,9599.0,9608.5,9582.0,9547.0,9513.0,9479.5,9404.5,9382.0,9408.0,9419.5,9401.5,9406.5,9399.0,9385.5,9684.0,9701.5,9496.5,9522.0,9532.0,9595.5,9583.0,9547.5,9600.5,9528.0,9667.0,9860.5,9831.0,9810.0,9815.5,9849.5,9829.0,9743.0,9438.0,9431.5,9460.5,9250.0,9147.5,9381.5,9598.0,9496.5,9547.5,9831.0
2014-01-30,9505.5,9481.5,9467.0,9505.0,9505.0,9503.5,9539.5,9547.0,9551.0,9538.0,9543.5,9599.0,9608.5,9582.0,9547.0,9513.0,9479.5,9404.5,9382.0,9408.0,9419.5,9401.5,9406.5,9399.0,9385.5,9386.5,9449.0,9401.0,9399.5,9395.0,9403.5,9395.5,9442.5,9449.0,9444.5,9498.0,9520.5,9505.0,9503.5,9503.5,9701.5,9496.5,9522.0,9532.0,9595.5,9583.0,9547.5,9600.5,9528.0,9667.0,9860.5,9831.0,9810.0,9815.5,9849.5,9829.0,9743.0,9438.0,9431.5,9543.5,9460.5,9250.0,9147.5,9381.5,9598.0,9496.5,9547.5,9831.0
2014-01-31,9513.0,9479.5,9404.5,9382.0,9408.0,9419.5,9401.5,9406.5,9399.0,9385.5,9386.5,9449.0,9401.0,9399.5,9395.0,9403.5,9395.5,9442.5,9449.0,9444.5,9498.0,9520.5,9505.0,9503.5,9503.5,9501.5,9456.5,9398.5,9362.0,9340.5,9293.0,9313.5,9263.5,9320.5,9342.5,9398.5,9401.5,9406.0,9402.5,9383.0,9496.5,9522.0,9532.0,9595.5,9583.0,9547.5,9600.5,9528.0,9667.0,9860.5,9831.0,9810.0,9815.5,9849.5,9829.0,9743.0,9438.0,9431.5,9543.5,9386.5,9460.5,9250.0,9147.5,9381.5,9598.0,9496.5,9547.5,9831.0
2014-02-03,9403.5,9395.5,9442.5,9449.0,9444.5,9498.0,9520.5,9505.0,9503.5,9503.5,9501.5,9456.5,9398.5,9362.0,9340.5,9293.0,9313.5,9263.5,9320.5,9342.5,9398.5,9401.5,9406.0,9402.5,9383.0,9379.0,9406.0,9390.0,9350.5,9341.0,9386.0,9399.0,9375.0,9359.5,9324.5,9257.5,9273.0,9238.5,9206.0,9196.5,9522.0,9532.0,9595.5,9583.0,9547.5,9600.5,9528.0,9667.0,9860.5,9831.0,9810.0,9815.5,9849.5,9829.0,9743.0,9438.0,9431.5,9543.5,9386.5,9501.5,9250.0,9147.5,9381.5,9598.0,9496.5,9547.5,9831.0,9743.0
2014-02-04,9293.0,9313.5,9263.5,9320.5,9342.5,9398.5,9401.5,9406.0,9402.5,9383.0,9379.0,9406.0,9390.0,9350.5,9341.0,9386.0,9399.0,9375.0,9359.5,9324.5,9257.5,9273.0,9238.5,9206.0,9196.5,9194.5,9216.5,9223.5,9212.0,9190.0,9183.0,9181.0,9230.0,9243.5,9212.0,9237.0,9240.5,9234.5,9234.0,9240.5,9532.0,9595.5,9583.0,9547.5,9600.5,9528.0,9667.0,9860.5,9831.0,9810.0,9815.5,9849.5,9829.0,9743.0,9438.0,9431.5,9543.5,9386.5,9501.5,9379.0,9250.0,9147.5,9381.5,9598.0,9496.5,9547.5,9831.0,9743.0
2014-02-05,9386.0,9399.0,9375.0,9359.5,9324.5,9257.5,9273.0,9238.5,9206.0,9196.5,9194.5,9216.5,9223.5,9212.0,9190.0,9183.0,9181.0,9230.0,9243.5,9212.0,9237.0,9240.5,9234.5,9234.0,9240.5,9242.0,9204.0,9227.5,9235.5,9216.0,9211.5,9207.0,9214.0,9222.0,9204.5,9218.0,9221.5,9230.0,9220.5,9226.5,9595.5,9583.0,9547.5,9600.5,9528.0,9667.0,9860.5,9831.0,9810.0,9815.5,9849.5,9829.0,9743.0,9438.0,9431.5,9543.5,9386.5,9501.5,9379.0,9194.5,9250.0,9147.5,9381.5,9598.0,9496.5,9547.5,9831.0,9743.0
2014-02-06,9183.0,9181.0,9230.0,9243.5,9212.0,9237.0,9240.5,9234.5,9234.0,9240.5,9242.0,9204.0,9227.5,9235.5,9216.0,9211.5,9207.0,9214.0,9222.0,9204.5,9218.0,9221.5,9230.0,9220.5,9226.5,9224.5,9263.5,9240.0,9305.0,9309.0,9316.5,9284.0,9227.0,9293.5,9346.5,9350.0,9344.0,9343.5,9356.5,9358.0,9583.0,9547.5,9600.5,9528.0,9667.0,9860.5,9831.0,9810.0,9815.5,9849.5,9829.0,9743.0,9438.0,9431.5,9543.5,9386.5,9501.5,9379.0,9194.5,9242.0,9250.0,9147.5,9381.5,9598.0,9496.5,9547.5,9831.0,9743.0
2014-02-07,9211.5,9207.0,9214.0,9222.0,9204.5,9218.0,9221.5,9230.0,9220.5,9226.5,9224.5,9263.5,9240.0,9305.0,9309.0,9316.5,9284.0,9227.0,9293.5,9346.5,9350.0,9344.0,9343.5,9356.5,9358.0,9363.5,9361.0,9340.5,9368.0,9369.0,9360.5,9373.0,9409.5,9377.0,9376.0,9405.5,9411.0,9422.0,9428.0,9433.5,9547.5,9600.5,9528.0,9667.0,9860.5,9831.0,9810.0,9815.5,9849.5,9829.0,9743.0,9438.0,9431.5,9543.5,9386.5,9501.5,9379.0,9194.5,9242.0,9224.5,9250.0,9147.5,9381.5,9598.0,9496.5,9547.5,9831.0,9743.0
2014-02-10,9316.5,9284.0,9227.0,9293.5,9346.5,9350.0,9344.0,9343.5,9356.5,9358.0,9363.5,9361.0,9340.5,9368.0,9369.0,9360.5,9373.0,9409.5,9377.0,9376.0,9405.5,9411.0,9422.0,9428.0,9433.5,9433.0,9421.5,9412.0,9428.0,9416.0,9385.5,9394.0,9394.0,9394.0,9382.0,9381.0,9385.5,9383.5,9391.5,9391.5,9600.5,9528.0,9667.0,9860.5,9831.0,9810.0,9815.5,9849.5,9829.0,9743.0,9438.0,9431.5,9543.5,9386.5,9501.5,9379.0,9194.5,9242.0,9224.5,9363.5,9147.5,9381.5,9598.0,9496.5,9547.5,9831.0,9743.0,9501.5
2014-02-11,9360.5,9373.0,9409.5,9377.0,9376.0,9405.5,9411.0,9422.0,9428.0,9433.5,9433.0,9421.5,9412.0,9428.0,9416.0,9385.5,9394.0,9394.0,9394.0,9382.0,9381.0,9385.5,9383.5,9391.5,9391.5,9389.0,9425.5,9474.0,9477.0,9502.5,9499.0,9512.0,9496.0,9509.0,9521.0,9569.5,9570.0,9590.0,9592.0,9595.5,9528.0,9667.0,9860.5,9831.0,9810.0,9815.5,9849.5,9829.0,9743.0,9438.0,9431.5,9543.5,9386.5,9501.5,9379.0,9194.5,9242.0,9224.5,9363.5,9433.0,9147.5,9381.5,9598.0,9496.5,9547.5,9831.0,9743.0,9501.5
2014-02-12,9385.5,9394.0,9394.0,9394.0,9382.0,9381.0,9385.5,9383.5,9391.5,9391.5,9389.0,9425.5,9474.0,9477.0,9502.5,9499.0,9512.0,9496.0,9509.0,9521.0,9569.5,9570.0,9590.0,9592.0,9595.5,9591.0,9599.0,9615.5,9654.5,9656.5,9633.0,9639.0,9638.0,9664.5,9643.0,9630.5,9644.5,9651.0,9636.5,9631.0,9667.0,9860.5,9831.0,9810.0,9815.5,9849.5,9829.0,9743.0,9438.0,9431.5,9543.5,9386.5,9501.5,9379.0,9194.5,9242.0,9224.5,9363.5,9433.0,9389.0,9147.5,9381.5,9598.0,9496.5,9547.5,9831.0,9743.0,9501.5
2014-02-13,9499.0,9512.0,9496.0,9509.0,9521.0,9569.5,9570.0,9590.0,9592.0,9595.5,9591.0,9599.0,9615.5,9654.5,9656.5,9633.0,9639.0,9638.0,9664.5,9643.0,9630.5,9644.5,9651.0,9636.5,9631.0,9636.5,9598.5,9617.0,9616.5,9611.5,9596.5,9602.5,9597.5,9618.0,9668.0,9685.5,9689.0,9724.5,9727.5,9726.5,9860.5,9831.0,9810.0,9815.5,9849.5,9829.0,9743.0,9438.0,9431.5,9543.5,9386.5,9501.5,9379.0,9194.5,9242.0,9224.5,9363.5,9433.0,9389.0,9591.0,9147.5,9381.5,9598.0,9496.5,9547.5,9831.0,9743.0,9501.5
2014-02-14,9633.0,9639.0,9638.0,9664.5,9643.0,9630.5,9644.5,9651.0,9636.5,9631.0,9636.5,9598.5,9617.0,9616.5,9611.5,9596.5,9602.5,9597.5,9618.0,9668.0,9685.5,9689.0,9724.5,9727.5,9726.5,9726.0,9703.0,9697.5,9743.5,9743.5,9755.5,9743.5,9729.5,9738.0,9749.0,9751.0,9755.5,9756.0,9766.5,9749.0,9831.0,9810.0,9815.5,9849.5,9829.0,9743.0,9438.0,9431.5,9543.5,9386.5,9501.5,9379.0,9194.5,9242.0,9224.5,9363.5,9433.0,9389.0,9591.0,9636.5,9147.5,9381.5,9598.0,9496.5,9547.5,9831.0,9743.0,9501.5
