Date,Time,Open,High,Low,Close
01/09/1998,00:00,14.58,15.03,14.16,14.68
01/16/1998,00:00,14.63,15.23,13.99,14.88
01/23/1998,00:00,15.02,15.73,14.89,15.59
01/30/1998,00:00,15.61,16.89,15.42,16.67
02/06/1998,00:00,16.72,17.94,16.61,17.48
02/13/1998,00:00,17.48,18.01,17.44,17.86
02/20/1998,00:00,17.84,17.91,17.2,17.42
02/27/1998,00:00,17.49,19.35,17.2,19.24
03/06/1998,00:00,19.25,19.35,17.74,18.01
03/13/1998,00:00,18.07,18.67,17.89,18.43
03/20/1998,00:00,18.55,18.67,17.93,18.45
03/27/1998,00:00,18.48,20.46,18.11,19.9
04/03/1998,00:00,20.11,20.92,19.6,20.53
04/13/1998,00:00,20.7,20.92,19.49,20.02
04/20/1998,00:00,19.98,21.37,19.52,20.73
04/27/1998,00:00,20.78,22.3,19.91,20.73
05/04/1998,00:00,20.14,20.87,19.77,20.18
05/11/1998,00:00,20.06,20.22,18.42,19.29
05/18/1998,00:00,19.38,20.47,18.67,20.11
05/26/1998,00:00,19.01,19.66,18.79,19.26
06/02/1998,00:00,19.19,19.46,18.64,18.84
06/09/1998,00:00,18.91,19.7,18.81,19.28
06/16/1998,00:00,19.19,20.23,18.9,19.33
06/23/1998,00:00,19.42,22.69,19.24,21.57
06/30/1998,00:00,21.54,24.42,21.43,24.17
07/07/1998,00:00,23.68,24.78,23.54,24.23
07/14/1998,00:00,24.26,26.72,23.96,26.48
07/21/1998,00:00,26.63,26.91,25.31,26.32
07/28/1998,00:00,26.29,26.77,24.9,26.27
08/04/1998,00:00,26.1,26.29,23.44,24.38
08/11/1998,00:00,24.44,24.66,22.83,23.51
08/18/1998,00:00,23.14,25.16,22.95,24.16
08/25/1998,00:00,24.27,25.58,24.16,24.84
09/01/1998,00:00,25.06,25.59,21.26,21.58
09/08/1998,00:00,21.43,23.45,21.26,21.74
09/15/1998,00:00,22.5,24.4,22.2,23.83
09/22/1998,00:00,23.82,24.68,23.05,24.27
09/29/1998,00:00,24.4,25.79,24.02,25.04
10/06/1998,00:00,25.16,25.65,21.71,22.76
10/13/1998,00:00,23.06,23.31,19.74,22.44
10/20/1998,00:00,22.39,23.96,21.54,23.16
10/27/1998,00:00,23.23,24.78,22.41,24.07
11/03/1998,00:00,24.24,24.34,23.57,23.82
11/10/1998,00:00,23.73,25.52,23.54,24.89
11/17/1998,00:00,24.78,25.82,24.18,24.49
11/24/1998,00:00,24.52,28.14,24.52,26.83
12/01/1998,00:00,26.7,29.31,26.69,27.46
12/08/1998,00:00,27.05,30.2,27.03,30.06
12/15/1998,00:00,29.89,30.3,28.73,28.78
12/22/1998,00:00,29.09,31.99,29.05,31.58
12/29/1998,00:00,31.61,32.4,30.91,32.02
01/05/1999,00:00,32.06,33.3,31.05,31.67
01/12/1999,00:00,31.92,34.31,31.82,33.18
01/19/1999,00:00,33.32,35.04,30.6,33.52
01/26/1999,00:00,34.06,38.64,33.94,36.42
02/02/1999,00:00,37.23,39.58,37.01,38.91
02/09/1999,00:00,38.81,38.82,34.84,37.16
02/16/1999,00:00,37.11,37.51,34.77,35.52
02/23/1999,00:00,35.94,35.97,32.39,33.47
03/02/1999,00:00,34.41,35.86,33.21,34.13
03/09/1999,00:00,34.17,37.06,33.09,35.79
03/16/1999,00:00,35.97,38.25,35.28,37.3
03/23/1999,00:00,37.22,39.36,36.95,38.88
03/30/1999,00:00,38.85,42.07,36.7,41.54
04/06/1999,00:00,42.01,43.03,40.1,42.73
04/13/1999,00:00,42.83,43.03,40.21,41.82
04/20/1999,00:00,41.9,41.9,36.0,36.47
04/27/1999,00:00,37.01,40.02,36.0,39.6
05/04/1999,00:00,39.93,39.93,34.98,35.94
05/11/1999,00:00,36.22,36.81,34.39,35.86
05/18/1999,00:00,36.08,36.78,34.48,35.57
05/25/1999,00:00,35.91,36.11,34.22,34.76
06/01/1999,00:00,34.53,36.36,33.97,36.33
06/08/1999,00:00,36.33,36.95,34.25,36.22
06/15/1999,00:00,35.94,37.18,34.51,34.9
06/22/1999,00:00,35.12,40.05,34.51,40.02
06/29/1999,00:00,39.79,39.79,37.8,39.03
07/06/1999,00:00,39.01,41.82,38.7,41.4
07/13/1999,00:00,41.51,42.63,40.16,42.38
07/20/1999,00:00,41.9,45.33,41.54,44.26
07/27/1999,00:00,43.39,43.53,39.43,39.43
08/03/1999,00:00,39.96,40.72,37.96,38.16
08/10/1999,00:00,38.64,39.23,36.73,37.71
08/17/1999,00:00,37.6,38.61,36.73,37.91
08/24/1999,00:00,38.44,42.07,37.32,38.9
08/31/1999,00:00,39.17,43.36,39.17,41.51
09/07/1999,00:00,41.31,43.5,40.55,43.11
09/14/1999,00:00,42.69,43.5,41.3,42.24
09/21/1999,00:00,42.15,44.04,40.78,43.9
09/28/1999,00:00,43.45,43.59,39.99,41.14
10/05/1999,00:00,41.06,42.24,39.74,41.63
10/12/1999,00:00,41.73,42.83,40.5,42.44
10/19/1999,00:00,42.3,42.44,38.27,39.56
10/26/1999,00:00,39.71,42.86,38.36,41.56
11/02/1999,00:00,42.46,42.86,40.19,41.59
11/09/1999,00:00,41.73,42.52,37.96,40.47
11/16/1999,00:00,40.38,40.69,38.64,39.17
11/23/1999,00:00,39.12,41.11,37.96,40.44
11/30/1999,00:00,40.16,42.01,39.76,40.58
12/07/1999,00:00,40.38,43.73,40.38,42.94
12/14/1999,00:00,42.63,45.56,41.14,43.48
12/21/1999,00:00,43.28,52.7,42.89,50.76
12/28/1999,00:00,50.56,53.66,49.78,53.54
01/04/2000,00:00,53.43,53.97,50.39,52.42
01/11/2000,00:00,51.1,52.7,48.29,50.54
01/18/2000,00:00,50.17,52.22,45.67,50.51
01/25/2000,00:00,50.31,52.22,44.77,45.56
02/01/2000,00:00,45.47,46.74,42.69,44.04
02/08/2000,00:00,44.32,49.49,43.95,47.98
02/15/2000,00:00,47.89,49.49,43.36,44.85
02/22/2000,00:00,44.88,45.08,41.76,42.76
02/29/2000,00:00,42.8,43.7,39.62,41.17
03/07/2000,00:00,41.28,44.49,39.99,40.72
03/14/2000,00:00,43.25,46.12,40.95,44.1
03/21/2000,00:00,44.38,46.4,41.96,43.81
03/28/2000,00:00,43.53,51.74,43.42,46.82
04/04/2000,00:00,46.63,49.44,38.22,40.86
04/11/2000,00:00,41.17,41.4,37.57,38.72
04/18/2000,00:00,38.33,38.72,32.85,34.2
04/25/2000,00:00,34.42,36.87,29.25,30.01
05/02/2000,00:00,30.93,33.3,30.32,33.02
05/09/2000,00:00,32.37,33.07,30.37,31.41
05/16/2000,00:00,31.61,31.78,29.58,31.22
05/23/2000,00:00,31.3,31.78,28.09,28.85
05/30/2000,00:00,28.74,29.95,27.17,27.62
06/06/2000,00:00,28.09,31.44,27.9,30.09
06/13/2000,00:00,30.68,32.45,29.75,30.12
06/20/2000,00:00,30.06,33.86,29.75,33.18
06/27/2000,00:00,33.24,36.98,33.18,35.8
07/05/2000,00:00,35.66,36.11,34.51,36.11
07/12/2000,00:00,35.91,37.29,34.73,35.63
07/19/2000,00:00,35.24,36.45,32.76,35.29
07/26/2000,00:00,34.34,34.42,30.26,31.05
08/02/2000,00:00,31.07,32.31,30.26,30.91
08/09/2000,00:00,30.85,33.69,30.65,33.3
08/16/2000,00:00,33.17,33.69,31.75,32.23
08/23/2000,00:00,32.31,32.59,31.5,32.12
08/30/2000,00:00,31.89,32.73,31.36,31.92
09/06/2000,00:00,31.81,32.09,31.19,31.58
09/13/2000,00:00,31.52,32.42,30.23,30.62
09/20/2000,00:00,30.43,30.93,27.98,29.24
09/27/2000,00:00,29.19,29.64,27.0,28.21
10/04/2000,00:00,28.54,28.6,24.52,25.48
10/11/2000,00:00,25.37,25.76,23.85,24.55
10/18/2000,00:00,24.41,25.62,21.79,22.72
10/25/2000,00:00,22.39,29.81,21.79,27.67
11/01/2000,00:00,27.87,31.55,27.19,30.99
11/08/2000,00:00,30.82,32.57,30.6,31.72
11/15/2000,00:00,32.31,32.57,28.98,30.96
11/22/2000,00:00,31.07,32.12,29.5,30.46
11/29/2000,00:00,29.72,32.48,28.46,30.12
12/06/2000,00:00,30.06,30.17,24.83,26.94
12/13/2000,00:00,27.0,27.22,23.51,26.24
12/20/2000,00:00,27.19,27.22,18.62,20.16
12/27/2000,00:00,19.26,21.84,18.11,21.06
01/03/2001,00:00,20.75,21.99,19.17,19.46
01/10/2001,00:00,19.43,24.21,19.4,23.31
01/17/2001,00:00,22.95,24.89,22.83,23.68
01/24/2001,00:00,24.13,28.54,23.65,27.26
01/31/2001,00:00,27.45,29.13,27.39,28.54
02/07/2001,00:00,28.35,29.27,27.05,28.15
02/14/2001,00:00,27.9,29.27,25.25,26.18
02/21/2001,00:00,25.93,27.08,24.83,25.14
02/28/2001,00:00,24.86,27.53,24.3,26.69
03/07/2001,00:00,26.8,27.5,25.31,26.77
03/14/2001,00:00,26.94,27.5,23.23,24.44
03/21/2001,00:00,23.62,25.25,22.39,23.73
03/28/2001,00:00,23.51,26.35,22.39,26.24
04/04/2001,00:00,25.82,26.07,22.95,24.02
04/11/2001,00:00,24.02,27.67,22.95,26.85
04/18/2001,00:00,27.29,29.84,26.7,27.67
04/25/2001,00:00,28.52,31.99,28.35,30.4
05/02/2001,00:00,30.4,32.01,29.77,31.56
05/09/2001,00:00,31.95,32.67,30.58,32.42
05/16/2001,00:00,32.05,32.1,30.3,30.72
05/23/2001,00:00,30.46,32.22,30.26,31.64
05/30/2001,00:00,31.67,32.35,30.89,31.65
06/06/2001,00:00,31.3,33.06,30.78,32.66
06/13/2001,00:00,32.8,33.18,31.78,32.43
06/20/2001,00:00,32.42,32.53,29.7,30.29
06/27/2001,00:00,30.21,32.18,30.17,31.52
07/05/2001,00:00,31.43,33.54,30.8,31.7
07/12/2001,00:00,31.6,32.35,28.89,29.93
07/19/2001,00:00,31.81,32.85,31.44,31.76
07/26/2001,00:00,32.05,32.85,29.47,30.37
08/02/2001,00:00,30.2,30.39,29.27,29.87
08/09/2001,00:00,30.24,30.39,28.93,29.18
08/16/2001,00:00,29.24,29.74,28.21,28.44
08/23/2001,00:00,28.27,29.12,26.55,27.17
08/30/2001,00:00,27.3,28.51,25.43,27.11
09/06/2001,00:00,26.57,26.84,24.88,25.93
09/17/2001,00:00,25.45,26.27,23.76,25.94
09/24/2001,00:00,24.31,24.8,21.37,22.31
10/01/2001,00:00,22.79,23.85,21.6,22.72
10/08/2001,00:00,22.92,26.39,22.67,25.92
10/15/2001,00:00,25.56,26.39,23.85,25.35
10/22/2001,00:00,25.15,27.08,24.97,26.05
10/29/2001,00:00,26.05,28.63,25.86,27.99
11/05/2001,00:00,27.94,28.81,26.14,27.62
11/12/2001,00:00,27.83,29.89,27.78,29.22
11/19/2001,00:00,29.11,30.75,28.64,29.57
11/26/2001,00:00,29.81,30.51,28.57,29.12
12/03/2001,00:00,29.24,29.57,28.23,28.89
12/10/2001,00:00,28.72,31.05,28.71,30.59
12/17/2001,00:00,30.38,31.1,29.67,30.2
12/24/2001,00:00,30.22,31.45,29.98,30.39
12/31/2001,00:00,30.47,31.08,29.81,30.53
01/07/2002,00:00,30.52,31.51,29.48,31.0
01/14/2002,00:00,31.38,31.78,30.44,30.87
01/22/2002,00:00,30.73,31.5,28.91,29.74
01/29/2002,00:00,29.97,29.98,27.89,28.72
02/05/2002,00:00,28.75,29.02,27.22,27.5
02/12/2002,00:00,27.36,28.0,26.47,27.51
02/19/2002,00:00,27.22,28.34,26.37,27.1
02/26/2002,00:00,26.96,27.16,25.71,26.58
03/05/2002,00:00,26.59,28.76,26.05,28.43
03/12/2002,00:00,28.35,29.25,27.71,28.95
03/19/2002,00:00,28.13,28.36,27.43,27.96
03/26/2002,00:00,27.98,28.35,26.24,26.65
04/02/2002,00:00,26.59,27.41,25.7,27.17
04/09/2002,00:00,26.5,26.59,24.41,25.75
04/16/2002,00:00,25.8,26.14,24.52,25.06
04/23/2002,00:00,25.38,26.22,23.98,25.01
04/30/2002,00:00,25.06,25.12,23.15,23.51
05/07/2002,00:00,23.44,24.33,21.76,21.88
05/14/2002,00:00,22.13,24.79,21.76,23.71
05/21/2002,00:00,24.48,25.4,23.46,24.3
05/28/2002,00:00,24.27,24.68,23.28,23.96
06/04/2002,00:00,24.11,24.16,22.12,22.21
06/11/2002,00:00,22.27,24.38,22.16,23.77
06/18/2002,00:00,23.96,25.4,23.59,25.05
06/25/2002,00:00,24.99,25.33,23.33,24.37
07/02/2002,00:00,24.61,25.1,22.97,23.7
07/09/2002,00:00,23.57,24.72,22.7,23.81
07/16/2002,00:00,23.99,24.63,21.9,23.31
07/23/2002,00:00,23.09,23.98,19.33,20.83
07/30/2002,00:00,20.92,21.97,18.63,21.71
08/06/2002,00:00,21.4,21.97,19.71,19.79
08/13/2002,00:00,20.2,22.36,20.14,21.81
08/20/2002,00:00,21.59,23.42,21.11,23.4
08/27/2002,00:00,23.12,24.05,22.79,23.44
09/03/2002,00:00,23.55,23.6,21.15,22.1
09/10/2002,00:00,21.83,22.42,20.64,21.91
09/17/2002,00:00,21.84,22.99,21.08,21.49
09/24/2002,00:00,21.9,22.01,20.08,20.36
10/01/2002,00:00,20.17,21.37,19.4,19.66
10/08/2002,00:00,19.91,21.06,19.43,19.85
10/15/2002,00:00,20.14,23.56,19.46,22.18
10/22/2002,00:00,23.07,23.94,22.52,23.63
10/29/2002,00:00,23.14,24.07,22.88,23.37
11/05/2002,00:00,23.46,25.76,22.88,25.25
11/12/2002,00:00,25.09,25.69,24.22,24.24
11/19/2002,00:00,24.34,25.66,24.25,25.13
11/26/2002,00:00,24.99,26.39,24.44,26.2
12/03/2002,00:00,25.94,26.53,25.38,25.96
12/10/2002,00:00,25.77,25.85,24.06,24.09
12/17/2002,00:00,24.1,24.77,23.62,24.52
12/24/2002,00:00,24.49,24.74,23.75,24.3
12/31/2002,00:00,24.09,24.61,23.06,23.73
01/07/2003,00:00,23.73,25.2,23.06,24.64
01/14/2003,00:00,24.72,25.65,24.35,25.38
01/21/2003,00:00,25.34,25.79,23.08,23.15
01/28/2003,00:00,23.34,23.64,21.78,22.13
02/04/2003,00:00,22.36,22.57,21.09,21.85
02/11/2003,00:00,21.51,21.84,20.7,21.33
02/18/2003,00:00,21.28,22.49,20.7,21.72
02/25/2003,00:00,22.1,22.49,21.04,21.66
03/04/2003,00:00,21.2,22.02,20.75,21.18
03/11/2003,00:00,21.22,21.41,20.48,20.64
03/18/2003,00:00,20.75,23.43,20.29,23.31
03/25/2003,00:00,23.28,24.24,22.52,22.76
04/01/2003,00:00,23.04,23.17,21.61,21.8
04/08/2003,00:00,22.01,23.78,21.82,22.67
04/15/2003,00:00,22.79,23.25,21.55,22.28
04/22/2003,00:00,22.21,23.22,21.89,22.7
04/29/2003,00:00,22.54,23.62,22.52,23.18
05/06/2003,00:00,23.35,23.85,22.8,23.27
05/13/2003,00:00,23.28,23.85,23.14,23.58
05/20/2003,00:00,23.44,23.58,22.05,22.27
05/27/2003,00:00,22.38,22.5,21.5,21.81
06/03/2003,00:00,21.8,22.53,21.78,22.16
06/10/2003,00:00,22.24,22.7,21.24,21.36
06/17/2003,00:00,21.53,23.52,21.46,22.81
06/24/2003,00:00,23.04,23.78,22.94,23.24
07/01/2003,00:00,23.06,23.7,22.62,23.16
07/08/2003,00:00,23.01,25.02,22.85,24.71
07/15/2003,00:00,24.52,25.03,24.04,24.47
07/22/2003,00:00,24.73,24.86,23.4,23.43
07/29/2003,00:00,23.67,24.3,23.38,23.96
08/05/2003,00:00,24.2,24.29,23.04,23.53
08/12/2003,00:00,23.67,23.88,22.88,23.06
08/19/2003,00:00,23.16,23.98,22.88,23.15
08/26/2003,00:00,23.33,24.25,23.19,23.85
09/02/2003,00:00,23.67,24.55,23.51,23.87
09/09/2003,00:00,24.02,26.03,23.82,25.94
09/16/2003,00:00,25.77,26.05,24.7,25.52
09/23/2003,00:00,25.56,26.97,25.49,26.17
09/30/2003,00:00,26.21,26.75,24.97,25.95
10/07/2003,00:00,25.72,26.51,24.97,26.28
10/14/2003,00:00,26.11,26.43,25.63,25.9
10/21/2003,00:00,25.74,26.49,25.63,26.42
10/28/2003,00:00,26.41,26.49,23.78,24.2
11/04/2003,00:00,24.39,24.52,23.41,23.98
11/11/2003,00:00,23.94,23.96,23.1,23.4
11/18/2003,00:00,23.41,23.52,22.45,22.64
11/25/2003,00:00,22.76,23.35,22.57,23.15
12/02/2003,00:00,23.3,23.59,22.79,23.27
12/09/2003,00:00,23.35,23.95,23.05,23.62
12/16/2003,00:00,23.79,24.44,23.59,24.07
12/23/2003,00:00,24.13,24.79,24.09,24.47
12/30/2003,00:00,24.41,24.79,24.3,24.73
01/06/2004,00:00,24.67,25.47,24.5,25.31
01/13/2004,00:00,25.29,25.63,24.53,24.82
01/20/2004,00:00,24.8,25.38,24.53,25.05
01/27/2004,00:00,25.19,25.92,25.06,25.88
02/03/2004,00:00,25.76,25.85,24.46,24.66
02/10/2004,00:00,24.66,24.79,24.14,24.2
02/17/2004,00:00,24.15,24.5,23.85,23.93
02/24/2004,00:00,24.03,24.4,23.67,23.94
03/02/2004,00:00,23.96,24.29,23.71,24.01
03/09/2004,00:00,23.97,24.02,22.98,23.25
03/16/2004,00:00,23.24,23.37,22.55,22.68
03/23/2004,00:00,22.74,22.91,21.61,22.06
03/30/2004,00:00,22.17,22.96,21.72,22.79
04/06/2004,00:00,22.69,23.37,22.36,23.37
04/13/2004,00:00,23.2,23.31,22.63,23.05
04/20/2004,00:00,23.09,23.29,22.55,22.99
04/27/2004,00:00,23.08,24.95,22.68,24.51
05/04/2004,00:00,24.43,24.63,23.42,23.69
05/11/2004,00:00,23.71,23.94,23.05,23.33
05/18/2004,00:00,23.48,23.57,22.88,23.0
05/25/2004,00:00,23.13,23.64,23.03,23.19
06/01/2004,00:00,23.13,23.64,23.04,23.61
06/08/2004,00:00,23.51,23.98,23.28,23.76
06/15/2004,00:00,23.67,24.84,23.61,24.17
06/22/2004,00:00,24.29,25.79,24.27,25.49
06/29/2004,00:00,25.34,25.87,25.03,25.43
07/06/2004,00:00,25.4,25.95,25.14,25.73
07/13/2004,00:00,25.49,25.49,24.79,25.13
07/20/2004,00:00,25.11,25.63,24.6,25.16
07/27/2004,00:00,25.22,26.68,25.07,25.79
08/03/2004,00:00,25.85,25.93,25.2,25.67
08/10/2004,00:00,25.54,25.57,24.35,24.46
08/17/2004,00:00,24.57,24.97,24.18,24.36
08/24/2004,00:00,24.49,24.75,24.2,24.52
08/31/2004,00:00,24.65,24.9,24.34,24.58
09/07/2004,00:00,24.55,24.91,24.34,24.41
09/14/2004,00:00,24.57,24.81,24.42,24.5
09/21/2004,00:00,24.6,24.88,24.42,24.75
09/28/2004,00:00,24.7,24.77,24.33,24.51
10/05/2004,00:00,24.49,25.61,24.33,25.28
10/12/2004,00:00,25.33,25.73,25.03,25.25
10/19/2004,00:00,25.04,25.73,25.02,25.57
10/26/2004,00:00,25.68,26.0,24.75,24.86
11/02/2004,00:00,24.91,25.62,24.86,25.29
11/09/2004,00:00,25.41,26.9,25.22,26.36
11/16/2004,00:00,26.48,27.5,26.41,27.38
11/23/2004,00:00,27.31,27.36,26.17,26.64
11/30/2004,00:00,26.52,27.01,26.4,26.78
12/07/2004,00:00,26.75,27.44,26.7,27.33
12/14/2004,00:00,27.26,27.38,26.9,27.26
12/21/2004,00:00,27.06,27.4,26.89,26.94
12/28/2004,00:00,26.99,27.17,26.78,26.85
01/04/2005,00:00,26.83,27.1,26.65,26.72
01/11/2005,00:00,26.86,27.1,26.54,26.8
01/18/2005,00:00,26.69,26.85,25.84,26.12
01/25/2005,00:00,26.02,26.35,25.65,25.66
02/01/2005,00:00,25.76,26.65,25.75,26.26
02/08/2005,00:00,26.25,26.5,26.06,26.16
02/15/2005,00:00,26.21,26.34,25.81,26.02
02/22/2005,00:00,25.98,26.08,25.2,25.49
03/01/2005,00:00,25.25,25.49,25.13,25.17
03/08/2005,00:00,25.19,25.79,25.13,25.45
03/15/2005,00:00,25.39,25.62,24.89,25.11
03/22/2005,00:00,25.1,25.24,23.96,24.19
03/29/2005,00:00,24.21,24.47,23.82,24.19
04/05/2005,00:00,24.11,24.5,23.82,24.23
04/12/2005,00:00,24.21,25.35,24.12,24.97
04/19/2005,00:00,24.93,25.45,24.4,24.67
04/26/2005,00:00,24.73,25.39,24.3,24.99
05/03/2005,00:00,24.95,25.4,24.44,25.23
05/10/2005,00:00,25.13,25.48,24.82,25.11
05/17/2005,00:00,25.04,25.5,24.64,25.48
05/24/2005,00:00,25.32,26.07,25.25,25.86
05/31/2005,00:00,25.8,26.09,25.5,26.08
06/07/2005,00:00,25.95,26.03,25.3,25.37
06/14/2005,00:00,25.33,25.83,25.24,25.31
06/21/2005,00:00,25.28,25.44,24.92,25.11
06/28/2005,00:00,25.08,25.62,25.03,25.07
07/05/2005,00:00,25.08,25.32,24.62,24.73
07/12/2005,00:00,24.64,25.62,24.5,25.29
07/19/2005,00:00,25.24,26.25,25.2,25.55
07/26/2005,00:00,25.78,26.48,25.53,25.68
08/02/2005,00:00,25.72,26.9,25.53,25.91
08/09/2005,00:00,25.91,27.94,25.87,27.13
08/16/2005,00:00,27.23,27.51,26.69,27.11
08/23/2005,00:00,27.05,27.17,26.66,26.89
08/30/2005,00:00,26.84,27.23,26.74,27.16
09/06/2005,00:00,27.02,27.44,26.96,27.0
09/13/2005,00:00,27.06,27.29,26.37,26.61
09/20/2005,00:00,26.52,26.76,25.69,26.01
09/27/2005,00:00,26.07,26.22,25.12,25.24
10/04/2005,00:00,25.37,26.0,24.75,25.5
10/11/2005,00:00,25.37,25.39,24.25,24.46
10/18/2005,00:00,24.51,24.83,24.25,24.52
10/25/2005,00:00,24.48,25.13,24.45,25.09
11/01/2005,00:00,24.93,26.06,24.83,25.7
11/08/2005,00:00,25.61,27.18,25.61,27.01
11/15/2005,00:00,26.93,27.54,26.64,27.35
11/22/2005,00:00,27.33,28.25,27.25,28.17
11/29/2005,00:00,28.06,28.09,27.47,27.77
12/06/2005,00:00,27.76,28.1,27.6,27.85
12/13/2005,00:00,27.9,27.92,27.0,27.45
12/20/2005,00:00,27.28,27.43,26.65,26.82
12/27/2005,00:00,26.76,26.91,26.42,26.64
01/03/2006,00:00,26.64,27.0,26.1,26.11
01/10/2006,00:00,26.26,27.13,26.1,26.88
01/17/2006,00:00,26.64,27.39,26.59,27.18
01/24/2006,00:00,26.91,27.24,26.22,26.4
01/31/2006,00:00,26.34,28.38,26.22,28.0
02/07/2006,00:00,27.91,28.38,26.81,27.17
02/14/2006,00:00,26.95,27.15,26.34,26.38
02/21/2006,00:00,26.41,26.93,26.34,26.69
02/28/2006,00:00,26.67,27.3,26.34,27.05
03/07/2006,00:00,26.95,27.3,26.74,26.91
03/14/2006,00:00,26.9,27.5,26.81,27.11
03/21/2006,00:00,27.04,28.22,26.99,27.89
03/28/2006,00:00,27.95,28.22,26.62,27.02
04/04/2006,00:00,27.01,27.8,26.81,27.55
04/11/2006,00:00,27.6,27.94,27.0,27.28
04/18/2006,00:00,27.29,27.36,26.73,26.88
04/25/2006,00:00,26.91,27.39,26.7,27.11
05/02/2006,00:00,27.11,27.63,23.9,24.27
05/09/2006,00:00,24.49,24.5,23.15,23.73
05/16/2006,00:00,23.75,23.88,22.91,23.12
05/23/2006,00:00,23.16,23.38,22.45,22.85
05/30/2006,00:00,23.14,23.92,22.77,23.72
06/06/2006,00:00,23.55,23.64,21.98,22.49
06/13/2006,00:00,22.55,22.56,21.46,21.72
06/20/2006,00:00,21.73,22.76,21.46,22.53
06/27/2006,00:00,22.55,23.17,22.5,22.83
07/05/2006,00:00,22.9,23.72,22.84,23.61
07/12/2006,00:00,23.46,23.66,22.62,23.08
07/19/2006,00:00,22.8,23.46,22.23,22.67
07/26/2006,00:00,22.82,24.53,22.72,24.22
08/02/2006,00:00,24.12,24.6,23.77,23.99
08/09/2006,00:00,24.12,24.64,24.03,24.34
08/16/2006,00:00,24.49,24.73,24.2,24.61
08/23/2006,00:00,24.61,26.25,24.47,25.66
08/30/2006,00:00,25.64,26.0,25.5,25.81
09/06/2006,00:00,25.85,25.98,25.51,25.61
09/13/2006,00:00,25.53,26.0,25.39,25.94
09/20/2006,00:00,25.82,27.23,25.82,26.86
09/27/2006,00:00,26.99,27.47,26.48,27.24
10/04/2006,00:00,27.15,27.96,27.1,27.37
10/11/2006,00:00,27.39,28.11,27.37,27.67
10/18/2006,00:00,27.45,28.7,27.42,28.49
10/25/2006,00:00,28.5,28.7,28.12,28.2
11/01/2006,00:00,28.29,28.99,28.04,28.7
11/08/2006,00:00,28.78,29.23,28.58,28.95
11/15/2006,00:00,28.78,29.46,28.66,29.22
11/22/2006,00:00,29.12,30.0,29.11,29.92
11/29/2006,00:00,29.98,30.0,29.13,29.39
12/06/2006,00:00,29.44,29.78,28.87,29.15
12/13/2006,00:00,29.1,29.75,28.8,29.43
12/20/2006,00:00,29.59,30.26,29.32,29.99
12/27/2006,00:00,30.01,30.24,29.4,30.0
01/03/2007,00:00,29.99,30.25,29.4,29.85
01/10/2007,00:00,29.91,30.25,29.4,29.97
01/17/2007,00:00,29.79,31.45,29.43,31.15
01/24/2007,00:00,31.26,31.44,30.51,30.77
01/31/2007,00:00,30.78,31.48,30.14,30.5
02/07/2007,00:00,30.41,31.1,29.22,29.51
02/14/2007,00:00,29.64,29.7,28.83,29.04
02/21/2007,00:00,29.18,29.69,28.47,28.83
02/28/2007,00:00,28.75,29.54,27.79,27.93
03/07/2007,00:00,27.95,28.33,27.41,27.81
03/14/2007,00:00,27.76,27.9,26.71,26.71
03/21/2007,00:00,26.77,28.51,26.73,27.82
03/28/2007,00:00,27.85,28.55,27.52,27.76
04/04/2007,00:00,27.57,28.78,27.49,27.86
04/11/2007,00:00,28.01,28.78,27.9,28.39
04/18/2007,00:00,28.3,28.89,27.99,28.87
04/25/2007,00:00,28.64,29.1,28.26,28.79
05/02/2007,00:00,28.86,30.74,28.69,30.41
05/09/2007,00:00,30.39,31.0,30.29,30.75
05/16/2007,00:00,30.67,31.09,30.53,30.92
05/23/2007,00:00,31.0,31.16,30.57,30.69
05/30/2007,00:00,30.83,31.13,29.96,30.8
06/06/2007,00:00,30.55,31.16,30.25,30.58
06/13/2007,00:00,30.37,30.53,29.45,29.85
06/20/2007,00:00,29.97,30.88,29.95,30.46
06/27/2007,00:00,30.44,30.51,29.36,29.53
07/05/2007,00:00,29.37,30.22,29.04,29.95
07/12/2007,00:00,30.05,30.22,29.18,29.5
07/19/2007,00:00,29.56,31.84,29.44,30.95
07/26/2007,00:00,31.05,31.84,29.51,30.69
08/02/2007,00:00,30.23,30.53,28.82,29.34
08/09/2007,00:00,29.23,30.1,28.75,30.0
08/16/2007,00:00,29.8,30.1,27.51,28.11
08/23/2007,00:00,27.88,28.49,27.51,28.21
08/30/2007,00:00,28.29,28.93,27.82,28.59
09/06/2007,00:00,28.42,29.1,28.32,28.47
09/13/2007,00:00,28.58,29.26,28.32,28.91
09/20/2007,00:00,29.08,29.26,28.27,28.67
09/27/2007,00:00,28.48,29.85,28.34,29.49
10/04/2007,00:00,29.7,29.85,29.23,29.47
10/11/2007,00:00,29.57,30.63,29.44,30.23
10/18/2007,00:00,30.3,31.23,29.79,31.08
10/25/2007,00:00,31.22,32.22,30.11,31.28
11/01/2007,00:00,31.6,37.49,31.49,36.8
11/08/2007,00:00,36.53,37.49,34.4,35.52
11/15/2007,00:00,35.49,35.9,33.02,33.94
11/23/2007,00:00,33.78,34.97,33.55,34.21
11/30/2007,00:00,34.36,34.44,32.68,33.59
12/07/2007,00:00,33.9,34.72,32.63,34.55
12/14/2007,00:00,34.61,35.84,33.93,35.23
12/21/2007,00:00,35.08,36.05,34.21,35.52
12/28/2007,00:00,35.9,36.78,35.67,36.05
01/04/2008,00:00,36.1,36.23,34.09,35.37
01/11/2008,00:00,35.22,35.22,33.35,34.32
01/18/2008,00:00,34.02,34.57,32.51,33.09
01/25/2008,00:00,33.19,35.0,31.04,33.24
02/01/2008,00:00,34.91,35.0,30.25,32.54
02/08/2008,00:00,31.06,31.45,27.9,28.12
02/15/2008,00:00,28.29,29.08,27.91,28.52
02/22/2008,00:00,28.32,28.96,27.2,28.12
02/29/2008,00:00,28.21,28.86,27.02,27.92
03/07/2008,00:00,27.66,28.41,26.87,27.58
03/14/2008,00:00,27.33,29.49,27.32,28.62
03/24/2008,00:00,28.7,29.59,27.28,29.19
03/31/2008,00:00,29.31,29.4,27.83,27.9
04/07/2008,00:00,27.89,29.62,27.84,29.16
04/14/2008,00:00,29.62,29.62,27.93,28.32
04/21/2008,00:00,28.22,30.6,27.93,30.0
04/28/2008,00:00,30.22,32.1,28.82,29.81
05/05/2008,00:00,29.81,30.23,28.45,29.22
05/12/2008,00:00,29.92,30.23,28.93,29.39
05/19/2008,00:00,29.4,30.53,29.31,30.0
05/27/2008,00:00,29.87,29.89,27.95,28.05
06/03/2008,00:00,28.11,28.7,27.27,27.8
06/10/2008,00:00,27.94,28.3,27.2,27.75
06/17/2008,00:00,27.39,29.57,27.11,28.91
06/24/2008,00:00,29.04,29.19,27.51,27.99
07/01/2008,00:00,27.91,28.67,26.44,27.5
07/08/2008,00:00,27.27,27.38,25.45,26.02
07/15/2008,00:00,25.92,26.64,24.87,25.11
07/22/2008,00:00,24.93,27.91,24.92,25.63
07/29/2008,00:00,25.58,26.84,25.34,25.5
08/05/2008,00:00,25.56,26.49,25.11,25.24
08/12/2008,00:00,25.66,28.4,25.5,27.9
08/19/2008,00:00,27.76,28.5,27.27,27.71
08/26/2008,00:00,27.54,27.88,26.86,27.67
09/02/2008,00:00,27.58,28.01,27.06,27.32
09/09/2008,00:00,27.68,27.76,25.63,26.08
09/16/2008,00:00,26.2,27.74,25.52,26.89
09/23/2008,00:00,26.11,26.49,23.5,25.37
09/30/2008,00:00,25.63,27.56,25.34,25.85
10/07/2008,00:00,25.77,27.47,23.14,24.93
10/14/2008,00:00,24.98,25.73,20.65,25.49
10/21/2008,00:00,25.63,25.73,21.31,24.73
10/28/2008,00:00,24.31,25.01,20.89,21.17
11/04/2008,00:00,21.62,23.97,21.34,22.65
11/11/2008,00:00,23.14,23.66,20.79,21.3
11/18/2008,00:00,21.29,21.34,18.74,19.32
11/25/2008,00:00,19.49,20.94,17.5,20.69
12/02/2008,00:00,20.85,20.93,18.56,18.64
12/09/2008,00:00,18.98,21.25,18.47,21.01
12/16/2008,00:00,20.62,21.25,18.7,19.04
12/23/2008,00:00,19.2,20.18,18.89,19.2
12/30/2008,00:00,19.27,19.57,18.64,18.98
01/06/2009,00:00,19.01,21.0,19.0,20.52
01/13/2009,00:00,20.77,21.0,19.3,19.47
01/20/2009,00:00,19.51,19.99,18.39,19.72
01/27/2009,00:00,19.47,19.62,16.75,17.61
02/03/2009,00:00,17.8,18.61,17.0,17.87
02/10/2009,00:00,17.85,19.93,17.6,19.44
02/17/2009,00:00,19.25,19.8,17.89,19.08
02/24/2009,00:00,18.45,18.5,16.36,17.22
03/03/2009,00:00,17.03,17.35,15.64,15.8
03/10/2009,00:00,15.95,16.6,14.87,15.15
03/17/2009,00:00,15.4,17.2,15.25,16.28
03/24/2009,00:00,16.33,18.35,16.26,18.35
03/31/2009,00:00,18.07,18.82,17.27,17.49
04/07/2009,00:00,17.82,19.89,17.78,18.75
04/14/2009,00:00,18.77,19.85,18.63,19.59
04/21/2009,00:00,19.45,19.78,18.51,18.57
04/28/2009,00:00,18.59,21.2,18.47,20.37
05/05/2009,00:00,20.26,21.1,19.64,20.24
05/12/2009,00:00,20.14,20.24,19.01,19.33
05/19/2009,00:00,19.51,20.74,19.47,20.59
05/26/2009,00:00,20.5,20.74,19.45,19.76
06/02/2009,00:00,19.54,21.98,19.45,21.4
06/09/2009,00:00,21.35,22.32,21.2,22.06
06/16/2009,00:00,22.06,24.11,21.88,23.44
06/23/2009,00:00,23.53,24.34,23.17,23.29
06/30/2009,00:00,23.4,24.24,23.2,23.85
07/07/2009,00:00,23.97,24.3,22.48,23.2
07/14/2009,00:00,23.07,23.25,22.0,23.22
07/21/2009,00:00,23.2,24.83,22.86,24.52
07/28/2009,00:00,24.69,25.72,22.81,23.1
08/04/2009,00:00,22.99,24.43,22.9,23.81
08/11/2009,00:00,23.68,24.25,23.05,23.42
08/18/2009,00:00,23.32,23.9,23.03,23.24
08/25/2009,00:00,23.29,24.82,23.25,24.66
09/01/2009,00:00,24.6,25.49,23.9,24.64
09/08/2009,00:00,24.35,24.84,23.76,24.63
09/15/2009,00:00,24.63,25.27,24.41,25.0
09/22/2009,00:00,24.97,25.82,24.86,25.3
09/29/2009,00:00,25.41,26.25,25.32,25.86
10/06/2009,00:00,25.91,25.99,24.43,24.65
10/13/2009,00:00,24.68,25.94,24.66,25.71
10/20/2009,00:00,25.59,26.71,25.52,26.35
10/27/2009,00:00,26.42,29.35,25.94,28.69
11/03/2009,00:00,28.73,28.88,27.41,27.88
11/10/2009,00:00,27.63,29.28,27.43,28.99
11/17/2009,00:00,28.89,30.0,28.81,29.54
11/24/2009,00:00,29.49,30.14,29.43,29.94
12/01/2009,00:00,29.95,30.05,28.75,29.41
12/08/2009,00:00,29.52,30.37,29.38,29.8
12/15/2009,00:00,29.52,30.21,29.25,30.12
12/22/2009,00:00,29.89,30.93,29.57,30.56
12/29/2009,00:00,30.6,31.5,30.54,31.17
01/05/2010,00:00,31.35,31.5,30.48,30.94
01/12/2010,00:00,30.85,31.1,29.91,30.27
01/19/2010,00:00,30.18,31.24,29.91,30.86
01/26/2010,00:00,30.74,31.24,28.84,29.29
02/02/2010,00:00,29.18,29.92,27.66,28.41
02/09/2010,00:00,28.37,28.79,27.57,27.72
02/16/2010,00:00,27.97,28.4,27.58,27.95
02/23/2010,00:00,28.13,29.03,28.02,28.73
03/02/2010,00:00,28.68,29.3,28.02,29.01
03/09/2010,00:00,29.07,29.3,28.24,28.63
03/16/2010,00:00,28.56,29.49,28.55,29.3
03/23/2010,00:00,29.41,29.9,29.2,29.61
03/30/2010,00:00,29.59,30.57,29.41,29.6
04/06/2010,00:00,29.63,29.86,28.62,29.28
04/13/2010,00:00,29.13,30.5,28.98,30.32
04/20/2010,00:00,30.15,31.44,30.13,31.03
04/27/2010,00:00,31.22,31.58,30.65,31.1
05/04/2010,00:00,30.94,31.25,29.75,30.86
05/11/2010,00:00,30.53,30.55,27.32,28.93
05/18/2010,00:00,28.68,29.73,28.4,28.93
05/25/2010,00:00,28.91,29.0,25.38,26.33
06/01/2010,00:00,25.64,26.61,24.56,25.8
06/08/2010,00:00,25.53,26.93,24.65,25.31
06/15/2010,00:00,25.26,26.65,24.65,25.49
06/22/2010,00:00,25.75,26.89,25.67,25.96
06/29/2010,00:00,26.16,26.45,23.11,24.3
07/06/2010,00:00,24.13,24.2,22.73,23.26
07/13/2010,00:00,23.7,25.3,23.58,24.83
07/20/2010,00:00,25.14,25.64,24.7,25.23
07/27/2010,00:00,24.86,26.24,24.7,26.11
08/03/2010,00:00,26.14,26.41,25.35,26.31
08/10/2010,00:00,26.2,26.35,24.88,25.61
08/17/2010,00:00,25.33,25.34,24.24,24.5
08/24/2010,00:00,24.71,24.96,24.0,24.28
08/31/2010,00:00,24.09,24.35,23.32,23.64
09/07/2010,00:00,23.59,24.45,23.32,24.31
09/14/2010,00:00,24.1,25.35,23.74,25.08
09/21/2010,00:00,25.04,25.53,24.89,25.43
09/28/2010,00:00,25.41,25.43,24.35,24.72
10/05/2010,00:00,24.8,24.9,23.78,23.91
10/12/2010,00:00,24.07,24.93,23.91,24.58
10/19/2010,00:00,24.64,25.95,24.43,25.81
10/26/2010,00:00,25.28,25.97,24.95,25.19
11/02/2010,00:00,25.12,27.42,25.06,26.96
11/09/2010,00:00,27.05,27.49,26.53,26.81
11/16/2010,00:00,26.81,27.11,25.65,26.24
11/23/2010,00:00,26.03,26.08,25.09,25.74
11/30/2010,00:00,25.56,25.6,24.93,25.31
12/07/2010,00:00,25.08,27.13,25.0,26.83
12/14/2010,00:00,27.07,27.75,26.8,27.23
12/21/2010,00:00,27.31,28.14,27.26,27.81
12/28/2010,00:00,27.84,28.4,27.76,28.07
01/04/2011,00:00,28.03,28.18,27.63,27.96
01/11/2011,00:00,27.98,28.85,27.77,28.21
01/18/2011,00:00,28.21,28.74,27.91,28.3
01/25/2011,00:00,28.18,28.74,27.99,28.38
02/01/2011,00:00,28.15,29.46,27.42,27.73
02/08/2011,00:00,27.8,28.34,27.51,28.19
02/15/2011,00:00,28.1,28.34,26.95,27.23
02/22/2011,00:00,27.04,27.37,26.52,27.08
03/01/2011,00:00,26.78,27.1,26.15,26.6
03/08/2011,00:00,26.6,26.78,25.55,25.71
03/15/2011,00:00,25.78,26.02,25.0,25.71
03/22/2011,00:00,25.09,25.58,24.68,25.34
03/29/2011,00:00,25.34,25.97,25.18,25.41
04/05/2011,00:00,25.36,26.18,25.3,25.54
04/12/2011,00:00,25.82,26.31,25.55,25.99
04/19/2011,00:00,25.82,25.87,24.72,25.09
04/26/2011,00:00,25.01,26.44,24.87,25.61
05/03/2011,00:00,25.74,26.87,25.36,25.66
05/10/2011,00:00,25.6,26.25,25.25,25.82
05/17/2011,00:00,25.39,25.85,24.27,24.58
05/24/2011,00:00,24.39,24.88,24.03,24.17
05/31/2011,00:00,24.2,25.06,24.04,24.76
06/07/2011,00:00,24.98,25.1,23.77,23.99
06/14/2011,00:00,24.09,24.45,23.69,24.03
06/21/2011,00:00,24.3,24.86,23.65,24.46
06/28/2011,00:00,24.53,25.92,24.19,25.19
07/05/2011,00:00,25.3,26.17,25.16,26.06
07/12/2011,00:00,26.13,26.98,25.9,26.64
07/19/2011,00:00,26.55,27.64,26.22,26.59
07/26/2011,00:00,26.8,28.15,26.65,27.91
08/02/2011,00:00,27.82,28.15,26.75,27.28
08/09/2011,00:00,26.95,27.45,24.03,24.48
08/16/2011,00:00,24.71,25.62,24.03,25.53
08/23/2011,00:00,25.24,25.71,23.79,23.96
08/30/2011,00:00,24.05,26.43,24.03,25.84
09/06/2011,00:00,25.73,26.86,25.11,25.8
09/13/2011,00:00,25.22,26.67,25.11,25.88
09/20/2011,00:00,25.94,27.5,25.81,27.21
09/27/2011,00:00,27.27,27.5,24.6,25.45
10/04/2011,00:00,25.67,26.37,24.26,24.54
10/11/2011,00:00,24.34,27.07,24.26,26.94
10/18/2011,00:00,26.84,27.5,26.62,26.98
10/25/2011,00:00,26.95,27.47,26.4,27.19
11/01/2011,00:00,27.1,27.41,25.86,26.65
11/08/2011,00:00,26.19,27.2,25.7,26.8
11/15/2011,00:00,27.03,27.2,26.06,26.76
11/22/2011,00:00,26.56,26.94,24.65,25.01
11/29/2011,00:00,24.9,25.04,24.28,24.9
12/06/2011,00:00,24.86,25.87,24.75,25.69
12/13/2011,00:00,25.83,26.1,25.29,25.55
12/20/2011,00:00,25.76,26.17,25.46,25.52
12/27/2011,00:00,25.87,26.19,25.44,26.02
01/03/2012,00:00,26.0,26.96,25.76,25.96
01/10/2012,00:00,26.55,28.19,26.39,27.74
01/17/2012,00:00,27.94,28.65,27.37,28.25
01/24/2012,00:00,28.42,29.95,27.97,29.73
01/31/2012,00:00,29.47,29.7,28.83,29.61
02/07/2012,00:00,29.66,30.49,29.23,30.2
02/14/2012,00:00,30.15,30.8,29.85,30.57
02/21/2012,00:00,30.28,31.55,29.85,31.26
02/28/2012,00:00,31.2,31.93,31.0,31.36
03/06/2012,00:00,31.41,32.44,31.38,31.8
03/13/2012,00:00,31.45,32.69,31.45,32.05
03/20/2012,00:00,32.26,32.95,31.74,32.21
03/27/2012,00:00,32.09,32.7,31.72,32.59
04/03/2012,00:00,32.61,32.7,31.66,32.28
04/10/2012,00:00,32.16,32.19,30.3,31.1
04/17/2012,00:00,31.07,31.62,30.23,31.09
04/24/2012,00:00,31.27,32.89,30.94,32.11
05/01/2012,00:00,32.22,32.34,31.83,32.02
05/08/2012,00:00,32.05,32.34,30.17,30.65
05/15/2012,00:00,30.51,31.54,30.1,30.66
05/22/2012,00:00,30.62,30.8,29.06,29.74
05/29/2012,00:00,29.69,29.88,28.64,29.05
06/05/2012,00:00,29.38,29.72,28.32,28.54
06/12/2012,00:00,28.51,29.81,28.39,28.92
06/19/2012,00:00,29.11,31.11,28.84,29.84
06/26/2012,00:00,30.19,31.14,29.62,29.85
07/03/2012,00:00,30.0,30.79,29.42,30.53
07/10/2012,00:00,30.23,30.79,29.51,30.01
07/17/2012,00:00,30.08,30.22,28.54,29.44
07/24/2012,00:00,29.65,31.05,28.9,29.28
07/31/2012,00:00,29.24,29.85,28.78,29.64
08/07/2012,00:00,29.48,30.37,28.97,29.95
08/14/2012,00:00,30.07,30.65,29.87,30.4
08/21/2012,00:00,30.3,30.96,30.01,30.74
08/28/2012,00:00,30.76,30.96,30.08,30.7
09/04/2012,00:00,30.76,30.96,30.15,30.8
09/11/2012,00:00,30.45,31.36,30.15,30.72
09/18/2012,00:00,30.69,31.26,30.4,31.21
09/25/2012,00:00,31.1,31.61,30.36,30.76
10/02/2012,00:00,30.95,31.0,29.42,29.52
10/09/2012,00:00,29.68,30.25,29.18,29.79
10/16/2012,00:00,29.68,29.74,28.8,29.51
10/23/2012,00:00,29.45,29.74,27.76,28.0
10/31/2012,00:00,27.76,28.88,27.76,28.2
11/07/2012,00:00,28.53,30.2,28.5,29.87
11/14/2012,00:00,29.56,29.83,26.75,27.06
11/21/2012,00:00,27.22,27.29,26.34,26.71
11/28/2012,00:00,26.71,27.77,26.67,27.1
12/05/2012,00:00,27.01,27.39,26.26,26.34
12/12/2012,00:00,26.4,27.62,26.26,27.32
12/19/2012,00:00,27.51,27.73,26.68,27.57
12/26/2012,00:00,27.69,27.73,26.7,27.06
01/02/2013,00:00,27.03,27.73,26.37,26.72
01/09/2013,00:00,27.26,27.73,26.46,26.54
01/16/2013,00:00,26.75,27.29,26.28,27.21
01/23/2013,00:00,27.15,27.64,27.0,27.13
01/30/2013,00:00,27.22,28.23,27.2,28.01
02/06/2013,00:00,28.01,28.19,27.25,27.49
02/13/2013,00:00,27.36,28.11,27.1,27.88
02/20/2013,00:00,27.93,28.2,27.8,28.05
02/27/2013,00:00,28.12,28.2,27.33,27.37
03/06/2013,00:00,27.4,28.54,27.33,28.35
03/13/2013,00:00,28.2,28.33,27.64,27.94
03/20/2013,00:00,27.89,28.49,27.75,28.17
03/27/2013,00:00,28.34,28.49,27.96,28.15
04/03/2013,00:00,28.14,28.95,28.08,28.8
04/10/2013,00:00,28.75,30.32,28.11,29.62
04/17/2013,00:00,29.59,30.32,28.51,28.98
04/24/2013,00:00,28.85,31.92,28.5,30.6
05/01/2013,00:00,30.6,33.11,30.6,33.09
05/08/2013,00:00,32.91,33.91,32.39,33.3
05/15/2013,00:00,33.08,33.9,32.32,33.52
05/22/2013,00:00,33.46,35.27,33.43,34.86
05/29/2013,00:00,34.84,35.18,33.9,35.02
06/05/2013,00:00,34.74,35.74,34.43,34.98
06/12/2013,00:00,34.58,35.7,34.43,34.85
06/19/2013,00:00,35.12,35.27,34.24,35.01
06/26/2013,00:00,34.96,35.09,32.57,33.65
07/03/2013,00:00,34.13,34.99,33.6,33.94
07/10/2013,00:00,33.63,34.81,33.58,34.37
07/17/2013,00:00,34.32,36.43,34.32,36.26
07/24/2013,00:00,36.34,36.39,31.02,31.83
07/31/2013,00:00,32.07,32.19,31.21,31.86
08/07/2013,00:00,31.96,32.1,31.25,31.58
08/14/2013,00:00,31.54,33.07,31.25,32.23
08/21/2013,00:00,32.14,32.48,31.37,31.63
08/28/2013,00:00,31.61,35.2,31.54,33.23
09/04/2013,00:00,33.41,33.6,31.11,31.88
09/11/2013,00:00,31.4,32.93,30.95,32.38
09/18/2013,00:00,32.57,33.5,32.51,32.94
09/25/2013,00:00,32.96,33.68,32.15,32.46
10/02/2013,00:00,32.52,34.03,32.4,33.58
10/09/2013,00:00,33.37,34.03,32.8,33.01
10/16/2013,00:00,33.07,34.99,32.96,34.49
10/23/2013,00:00,34.6,35.2,33.67,34.57
10/30/2013,00:00,34.32,36.29,33.57,35.53
11/06/2013,00:00,35.53,38.22,35.34,36.63
11/13/2013,00:00,37.19,38.22,36.9,37.36
11/20/2013,00:00,36.98,38.16,36.67,36.74
11/27/2013,00:00,36.86,37.95,36.86,37.4
12/04/2013,00:00,37.56,38.98,37.49,38.31
12/11/2013,00:00,38.21,38.98,37.18,38.11
12/18/2013,00:00,38.09,38.3,35.53,36.53
12/26/2013,00:00,36.37,37.49,35.53,37.08
01/02/2014,00:00,37.23,37.62,36.9,37.42
01/09/2014,00:00,37.35,37.4,35.4,35.75
01/16/2014,00:00,35.88,37.0,34.63,36.76
01/23/2014,00:00,36.69,37.0,35.52,35.93
01/30/2014,00:00,36.09,37.55,35.52,36.65
02/06/2014,00:00,36.75,37.99,35.69,35.83
02/13/2014,00:00,35.83,37.86,35.69,37.46
02/20/2014,00:00,37.33,37.87,37.21,37.51
02/27/2014,00:00,37.57,38.35,37.19,37.47
03/06/2014,00:00,37.45,38.48,37.23,38.12
03/13/2014,00:00,38.12,38.45,37.64,38.26
03/20/2014,00:00,38.42,40.65,37.63,39.27
03/27/2014,00:00,39.26,40.99,39.24,39.79
04/03/2014,00:00,39.74,41.66,39.34,41.35
04/10/2014,00:00,41.29,41.39,39.09,40.47
04/17/2014,00:00,40.44,40.69,38.9,40.39
04/24/2014,00:00,40.01,40.2,39.3,39.68
05/01/2014,00:00,39.74,41.3,39.3,40.4
05/08/2014,00:00,40.25,40.37,38.51,39.4
05/15/2014,00:00,39.34,40.5,38.97,40.23
05/22/2014,00:00,40.16,40.4,39.27,40.35
05/29/2014,00:00,40.29,40.35,39.81,40.0
06/05/2014,00:00,40.15,41.25,39.86,40.32
06/12/2014,00:00,40.58,41.66,40.29,40.86
06/19/2014,00:00,40.81,41.91,40.29,41.65
06/26/2014,00:00,41.57,42.05,41.33,42.02
07/03/2014,00:00,41.93,42.29,41.43,41.9
07/10/2014,00:00,41.91,42.12,41.05,41.67
07/17/2014,00:00,41.44,45.71,41.05,44.07
07/24/2014,00:00,45.49,45.71,44.22,44.88
07/31/2014,00:00,44.92,45.0,43.08,43.58
08/07/2014,00:00,43.35,43.69,42.21,42.76
08/14/2014,00:00,42.84,44.42,42.65,44.08
08/21/2014,00:00,44.1,45.4,44.01,44.95
08/28/2014,00:00,44.84,45.47,44.61,44.86
09/04/2014,00:00,44.74,45.47,44.53,44.96
09/11/2014,00:00,44.74,47.0,44.72,46.83
09/18/2014,00:00,46.74,47.02,46.1,46.51
09/25/2014,00:00,46.6,47.57,46.03,47.08
10/02/2014,00:00,46.9,47.09,45.64,45.91
10/09/2014,00:00,45.83,46.89,45.34,46.74
10/16/2014,00:00,46.49,46.8,42.1,43.23
10/23/2014,00:00,42.53,45.45,42.22,44.39
10/30/2014,00:00,44.62,46.9,44.53,46.63
11/06/2014,00:00,46.25,48.86,45.77,47.86
11/13/2014,00:00,47.86,49.65,47.78,48.77
11/20/2014,00:00,48.81,50.05,47.87,48.22
11/28/2014,00:00,48.0,49.05,47.28,47.75
12/05/2014,00:00,47.95,49.06,47.61,48.85
12/12/2014,00:00,48.88,48.97,46.67,47.18
12/19/2014,00:00,46.82,48.1,44.9,47.52
12/26/2014,00:00,47.62,48.8,47.17,48.2
01/02/2015,00:00,48.35,48.38,46.46,46.46
01/09/2015,00:00,46.66,47.82,45.49,47.58
01/16/2015,00:00,47.6,47.91,45.17,45.48
01/23/2015,00:00,45.31,47.39,45.17,47.12
01/30/2015,00:00,47.36,47.39,40.35,42.02
02/06/2015,00:00,41.48,42.79,40.23,42.46
02/13/2015,00:00,42.68,43.87,42.15,43.08
02/20/2015,00:00,43.38,44.0,43.05,43.51
02/27/2015,00:00,43.51,44.3,43.29,44.05
03/06/2015,00:00,44.17,44.2,42.15,43.09
03/13/2015,00:00,43.0,43.13,40.61,41.01
03/20/2015,00:00,40.72,42.98,40.61,42.28
03/27/2015,00:00,42.56,43.17,40.83,41.2
04/06/2015,00:00,41.12,41.78,40.12,40.29
04/13/2015,00:00,40.34,42.06,40.18,41.72
04/20/2015,00:00,41.39,43.17,41.16,41.62
04/27/2015,00:00,41.72,48.14,41.68,47.87
05/04/2015,00:00,47.23,49.54,47.2,48.65
05/11/2015,00:00,48.44,48.87,46.02,47.74
05/18/2015,00:00,47.55,48.95,46.42,48.3
05/26/2015,00:00,47.98,48.22,46.19,46.9
06/02/2015,00:00,46.83,48.02,46.19,47.24
06/09/2015,00:00,46.93,47.74,45.46,45.74
06/16/2015,00:00,45.76,46.92,45.02,45.48
06/23/2015,00:00,45.44,46.83,45.3,46.24
06/30/2015,00:00,46.17,46.28,43.94,44.39
07/07/2015,00:00,44.71,45.23,43.32,44.4
07/14/2015,00:00,44.38,45.96,43.32,45.53
07/21/2015,00:00,45.45,47.33,45.31,46.92
07/28/2015,00:00,46.79,47.33,44.79,45.38
08/04/2015,00:00,45.6,47.71,44.79,46.81
08/11/2015,00:00,46.75,48.41,45.9,47.33
08/18/2015,00:00,46.82,47.45,45.71,47.32
08/25/2015,00:00,46.86,47.43,39.72,41.72
09/01/2015,00:00,42.61,44.15,40.39,43.51
09/08/2015,00:00,42.17,44.0,41.66,42.6
09/15/2015,00:00,43.29,44.4,42.75,43.03
09/22/2015,00:00,43.19,45.0,43.08,44.15
09/29/2015,00:00,43.38,44.73,43.05,43.3
10/06/2015,00:00,43.36,47.18,43.05,46.63
10/13/2015,00:00,46.35,47.54,45.95,47.0
10/20/2015,00:00,46.58,47.88,46.53,47.62
10/27/2015,00:00,47.44,54.37,47.02,54.27
11/03/2015,00:00,53.98,54.39,52.62,53.23
11/10/2015,00:00,53.0,54.98,52.9,54.17
11/17/2015,00:00,54.11,54.2,52.53,53.76
11/24/2015,00:00,53.33,54.66,52.85,54.18
12/01/2015,00:00,53.92,55.23,53.58,54.39
12/08/2015,00:00,54.43,56.23,53.93,55.81
12/15/2015,00:00,55.41,56.1,53.68,55.15
12/22/2015,00:00,55.61,56.79,54.03,54.8
12/29/2015,00:00,54.87,56.85,54.5,55.95
01/05/2016,00:00,56.18,56.85,53.39,54.79
01/12/2016,00:00,54.91,55.39,51.46,52.3
01/19/2016,00:00,52.82,54.07,50.06,50.97
01/26/2016,00:00,51.49,52.65,49.1,51.77
02/02/2016,00:00,51.79,55.09,51.02,54.69
02/09/2016,00:00,53.91,54.26,48.19,49.39
02/16/2016,00:00,49.01,51.09,48.51,50.5
02/23/2016,00:00,50.9,53.0,50.13,52.64
03/01/2016,00:00,52.29,52.68,50.2,50.76
03/08/2016,00:00,50.97,52.97,50.58,51.03
03/15/2016,00:00,51.0,53.59,50.6,53.17
03/22/2016,00:00,52.75,55.0,52.74,53.85
03/29/2016,00:00,53.73,54.86,53.33,53.54
04/05/2016,00:00,53.58,55.66,53.45,55.43
04/12/2016,00:00,55.19,55.3,53.76,54.31
04/19/2016,00:00,54.31,56.77,53.76,56.47
04/26/2016,00:00,56.63,56.77,50.77,52.13
05/03/2016,00:00,52.25,52.35,49.35,50.61
05/10/2016,00:00,50.33,51.1,49.46,50.07
05/17/2016,00:00,50.41,51.96,50.19,51.83
05/24/2016,00:00,51.79,51.79,49.82,50.04
05/31/2016,00:00,50.69,53.0,50.4,52.31
06/07/2016,00:00,52.16,53.0,51.6,52.13
06/14/2016,00:00,52.26,52.73,49.06,50.14
06/21/2016,00:00,49.95,51.43,49.5,50.07
06/28/2016,00:00,50.2,52.06,48.04,48.43
07/05/2016,00:00,48.9,51.72,48.67,51.16
07/12/2016,00:00,50.83,53.4,50.39,52.59
07/19/2016,00:00,52.94,54.34,52.79,53.98
07/26/2016,00:00,53.72,57.29,52.93,56.73
08/02/2016,00:00,56.52,57.29,55.72,56.59
08/09/2016,00:00,56.84,58.5,56.31,58.05
08/16/2016,00:00,58.17,58.5,57.27,58.13
08/23/2016,00:00,57.6,58.18,57.2,57.68
08/30/2016,00:00,57.9,58.7,57.61,58.1
09/06/2016,00:00,57.98,58.19,57.01,57.67
09/13/2016,00:00,57.6,57.84,55.61,57.05
09/20/2016,00:00,56.49,57.75,55.98,56.93
09/27/2016,00:00,57.24,58.06,56.68,56.93
10/04/2016,00:00,56.93,58.17,56.68,57.41
10/11/2016,00:00,57.32,58.39,56.89,58.04
10/18/2016,00:00,57.89,58.02,56.32,57.2
10/25/2016,00:00,57.54,61.37,56.66,60.99
11/01/2016,00:00,60.86,61.37,59.25,59.95
11/08/2016,00:00,60.01,60.78,58.52,60.42
11/15/2016,00:00,60.42,60.78,57.28,58.13
11/22/2016,00:00,58.32,61.26,58.32,60.87
11/29/2016,00:00,60.99,61.41,60.13,60.61
12/06/2016,00:00,60.65,61.41,58.8,60.21
12/13/2016,00:00,60.43,63.42,59.8,62.17
12/20/2016,00:00,62.5,63.8,62.12,63.62
12/27/2016,00:00,63.69,64.1,62.8,63.23
01/03/2017,00:00,63.21,64.07,62.03,62.15
01/10/2017,00:00,62.76,63.15,62.03,62.65
01/17/2017,00:00,62.73,63.23,61.95,62.7
01/24/2017,00:00,62.67,63.74,62.03,62.98
01/31/2017,00:00,63.19,65.91,62.94,65.11
02/07/2017,00:00,64.86,65.15,62.75,63.62
02/14/2017,00:00,63.71,64.86,63.22,64.72
02/21/2017,00:00,64.59,65.24,64.02,64.6
02/28/2017,00:00,64.61,64.95,63.76,64.23
03/07/2017,00:00,64.08,64.99,63.62,64.27
03/14/2017,00:00,64.2,65.26,64.15,64.71
03/21/2017,00:00,64.53,65.5,64.13,64.93
03/28/2017,00:00,65.19,65.5,64.12,65.09
04/04/2017,00:00,64.99,66.19,64.65,65.54
04/11/2017,00:00,65.39,66.35,64.85,65.54
04/18/2017,00:00,65.6,65.86,64.85,65.46
04/25/2017,00:00,65.33,68.04,64.89,67.53
05/02/2017,00:00,67.92,69.71,67.58,69.43
05/09/2017,00:00,69.71,69.71,68.42,68.94
05/16/2017,00:00,68.88,69.56,67.57,68.43
05/23/2017,00:00,68.23,69.44,67.14,68.45
05/30/2017,00:00,68.72,70.41,68.38,69.97
06/06/2017,00:00,69.8,72.89,69.45,72.29
06/13/2017,00:00,72.3,72.77,68.13,69.77
06/20/2017,00:00,70.02,71.1,68.8,70.87
06/27/2017,00:00,70.82,71.71,69.18,70.52
07/05/2017,00:00,70.11,70.18,68.02,68.2
07/12/2017,00:00,68.26,71.28,68.12,70.0
07/19/2017,00:00,70.64,74.04,70.55,73.29
07/26/2017,00:00,73.5,74.38,73.13,74.2
08/02/2017,00:00,74.34,74.42,71.45,72.55
08/09/2017,00:00,72.52,73.13,71.45,72.78
08/16/2017,00:00,72.25,74.1,71.28,73.23
08/23/2017,00:00,73.33,74.1,71.7,73.15
08/30/2017,00:00,72.96,74.21,72.05,73.06
09/06/2017,00:00,72.97,74.96,72.83,73.63
09/13/2017,00:00,73.77,75.24,73.35,74.68
09/20/2017,00:00,74.93,75.97,74.07,75.43
09/27/2017,00:00,75.3,75.55,72.92,73.3
10/04/2017,00:00,73.63,75.01,73.17,74.27
10/11/2017,00:00,74.0,76.63,73.71,76.31
10/18/2017,00:00,76.39,77.87,75.95,77.57
10/25/2017,00:00,77.65,79.34,77.35,78.86
11/01/2017,00:00,78.55,86.2,78.01,83.18
11/08/2017,00:00,83.7,84.9,82.88,84.26
11/15/2017,00:00,84.16,84.61,82.69,84.05
11/22/2017,00:00,83.47,83.9,82.24,83.73
11/29/2017,00:00,83.83,85.06,82.78,84.88
12/06/2017,00:00,84.82,84.92,80.7,81.59
12/13/2017,00:00,81.67,86.05,81.43,85.62
12/20/2017,00:00,85.77,87.5,84.53,85.83
12/27/2017,00:00,86.2,86.3,84.71,85.4
01/03/2018,00:00,85.69,86.51,85.22,85.91
01/10/2018,00:00,86.1,88.73,85.97,88.23
01/17/2018,00:00,87.86,90.79,87.24,88.38
01/24/2018,00:00,89.13,93.43,88.75,91.89
01/31/2018,00:00,92.43,95.45,91.58,92.77
02/07/2018,00:00,93.75,96.07,85.25,91.34
02/14/2018,00:00,90.42,91.77,83.83,89.78
02/21/2018,00:00,88.55,93.5,88.41,92.72
02/28/2018,00:00,93.01,95.84,91.36,94.21
03/07/2018,00:00,94.8,95.71,90.86,93.32
03/14/2018,00:00,93.13,97.24,92.43,94.42
03/21/2018,00:00,95.12,95.41,92.11,93.14
03/28/2018,00:00,92.98,95.14,87.08,89.48
04/04/2018,00:00,89.85,92.76,87.51,89.72
04/11/2018,00:00,87.85,93.29,87.73,92.89
04/18/2018,00:00,92.03,96.72,91.48,96.06
04/25/2018,00:00,96.2,97.07,90.28,93.07
05/02/2018,00:00,93.14,97.9,90.28,94.96
05/09/2018,00:00,94.97,96.97,92.45,95.84
05/16/2018,00:00,96.0,98.69,95.05,97.32
05/23/2018,00:00,97.35,98.73,95.83,97.57
05/30/2018,00:00,96.63,99.25,96.32,98.01
06/06/2018,00:00,98.31,102.6,97.91,102.2
06/13/2018,00:00,102.45,102.69,100.38,101.3
06/20/2018,00:00,101.72,102.52,99.42,100.88
06/27/2018,00:00,101.24,102.52,97.3,99.07
07/05/2018,00:00,99.33,100.63,97.26,98.97
07/12/2018,00:00,99.5,104.41,99.03,101.98
07/19/2018,00:00,102.76,106.5,102.73,105.09
07/26/2018,00:00,104.93,111.15,103.89,110.82
08/02/2018,00:00,110.54,111.0,104.76,106.3
08/09/2018,00:00,105.18,110.16,104.84,109.49
08/16/2018,00:00,109.99,110.16,106.82,107.68
08/23/2018,00:00,108.3,108.86,105.78,107.07
08/30/2018,00:00,107.15,112.61,106.87,112.02
09/06/2018,00:00,111.66,112.78,107.51,108.51
09/13/2018,00:00,108.56,113.73,107.23,111.67
09/20/2018,00:00,112.16,113.8,111.04,111.7
09/27/2018,00:00,112.28,115.1,111.93,114.15
10/04/2018,00:00,114.7,116.18,111.63,115.16
10/11/2018,00:00,114.68,114.76,104.2,106.26
10/18/2018,00:00,105.23,111.81,104.2,110.72
10/25/2018,00:00,110.13,110.86,101.59,102.38
11/01/2018,00:00,106.58,109.27,100.11,106.81
11/08/2018,00:00,107.14,112.24,104.98,111.93
11/15/2018,00:00,111.75,112.21,103.91,105.02
11/23/2018,00:00,104.99,108.88,99.35,103.08
11/30/2018,00:00,102.21,111.33,102.0,110.23
12/07/2018,00:00,110.66,113.42,104.3,109.22
12/14/2018,00:00,108.21,111.27,103.89,109.41
12/21/2018,00:00,108.34,109.26,97.46,101.52
12/28/2018,00:00,102.38,103.0,93.66,101.18
01/04/2019,00:00,102.0,102.51,97.2,97.43
01/11/2019,00:00,99.65,104.88,98.93,103.56
01/18/2019,00:00,102.95,107.9,101.26,106.14
01/25/2019,00:00,107.45,107.9,104.86,106.17
02/01/2019,00:00,107.24,107.88,102.17,104.43
02/08/2019,00:00,103.66,107.27,102.35,105.31
02/15/2019,00:00,104.37,108.3,104.28,106.88
02/22/2019,00:00,107.94,111.2,106.29,109.45
03/01/2019,00:00,110.05,113.24,109.82,112.11
03/08/2019,00:00,112.87,113.25,108.8,110.35
03/15/2019,00:00,109.3,117.25,108.8,114.58
03/22/2019,00:00,115.34,120.82,114.59,120.77
03/29/2019,00:00,119.5,119.59,115.52,116.94
04/05/2019,00:00,118.05,120.43,116.96,119.33
04/12/2019,00:00,119.48,120.98,118.61,120.31
04/22/2019,00:00,120.82,124.0,120.1,123.37
04/29/2019,00:00,122.63,131.37,122.57,129.88
05/06/2019,00:00,129.93,130.7,125.52,128.86
05/13/2019,00:00,126.37,128.56,123.04,127.2
05/20/2019,00:00,124.13,130.46,123.04,128.07
05/28/2019,00:00,126.41,128.24,124.74,126.21
06/04/2019,00:00,126.98,128.0,119.01,119.84
06/11/2019,00:00,121.27,134.24,120.65,132.6
06/18/2019,00:00,133.9,135.24,130.71,132.88
06/25/2019,00:00,134.11,138.4,132.73,137.79
07/02/2019,00:00,137.37,137.59,132.73,135.69
