Iteration,trainAccuracy,trainCoverage,trainReward,trainLong%,trainShort%,trainLongAcc,trainShortAcc,trainLongPrec,trainShortPrec,validationAccuracy,validationCoverage,validationReward,validationLong%,validationShort%,validationLongAcc,validationShortAcc,validLongPrec,validShortPrec,testAccuracy,testCoverage,testReward,testLong%,testShort%,testLongAcc,testShortAcc,testLongPrec,testShortPrec
0,0.5106837606837606,0.65,0.3530110156753135,0.3333333333333333,0.31666666666666665,0.5395833333333333,0.48026315789473684,0.32814526588845655,0.3281733746130031,0.4583333333333333,0.16666666666666666,-0.0114630473998666,0.006944444444444444,0.1597222222222222,1.0,0.43478260869565216,0.01282051282051282,0.15151515151515152,0.5357142857142857,0.19444444444444445,0.01201299758006463,0.0,0.19444444444444445,0,0.5357142857142857,0.0,0.20833333333333334
1,0.49256900212314225,0.6541666666666667,-0.0014194949361579327,0.39652777777777776,0.25763888888888886,0.542907180385289,0.41509433962264153,0.3942931258106355,0.2306501547987616,0.4652777777777778,1.0,-0.10873111978535804,0.020833333333333332,0.9791666666666666,0.6666666666666666,0.46099290780141844,0.02564102564102564,0.9848484848484849,0.5277777777777778,1.0,-0.03576278655474821,0.006944444444444444,0.9930555555555556,1.0,0.5244755244755245,0.014492753623188406,1.0
2,0.5432921027592769,0.7298611111111111,0.40111336433668626,0.3923611111111111,0.3375,0.5646017699115045,0.5185185185185185,0.3981841763942931,0.37925696594427244,0.5416666666666666,1.0,0.13631894691398233,1.0,0.0,0.5416666666666666,0,1.0,0.0,0.5,1.0,0.04338579417775586,1.0,0.0,0.5,0,1.0,0.0
3,0.5285024154589372,0.71875,0.05681181365177999,0.5069444444444444,0.21180555555555555,0.5506849315068493,0.47540983606557374,0.5058365758754864,0.21362229102167182,0.5416666666666666,1.0,0.13631894691398233,1.0,0.0,0.5416666666666666,0,1.0,0.0,0.5,1.0,0.04338579417775586,1.0,0.0,0.5,0,1.0,0.0
4,0.5451923076923076,0.7222222222222222,0.5839338018153172,0.5104166666666666,0.21180555555555555,0.5619047619047619,0.5049180327868853,0.5188067444876784,0.23684210526315788,0.5538461538461539,0.4513888888888889,0.11764931908740783,0.4236111111111111,0.027777777777777776,0.5573770491803278,0.5,0.4358974358974359,0.030303030303030304,0.5614035087719298,0.3958333333333333,0.03089570204993515,0.3888888888888889,0.006944444444444444,0.5535714285714286,1.0,0.43478260869565216,0.013888888888888888
5,0.5341018251681076,0.7229166666666667,0.5652416040688839,0.48541666666666666,0.2375,0.5722460658082976,0.45614035087719296,0.5045395590142672,0.23529411764705882,0.5,1.0,0.054318303336335694,0.3055555555555556,0.6944444444444444,0.5681818181818182,0.47,0.32051282051282054,0.7121212121212122,0.5694444444444444,1.0,-0.02822985925735873,0.20833333333333334,0.7916666666666666,0.6333333333333333,0.5526315789473685,0.2608695652173913,0.8472222222222222
6,0.5384615384615384,0.7583333333333333,0.8093559624466444,0.44722222222222224,0.3111111111111111,0.5714285714285714,0.49107142857142855,0.46433203631647213,0.32507739938080493,0.48148148148148145,0.9375,0.048755379187951906,0.6319444444444444,0.3055555555555556,0.5274725274725275,0.38636363636363635,0.6153846153846154,0.25757575757575757,0.5367647058823529,0.9444444444444444,0.09457806714320485,0.7361111111111112,0.20833333333333334,0.5283018867924528,0.5666666666666667,0.7681159420289855,0.2361111111111111
7,0.5544186046511628,0.7465277777777778,0.8105092549100195,0.48541666666666666,0.2611111111111111,0.5736766809728183,0.5186170212765957,0.5019455252918288,0.29256965944272445,0.4930555555555556,1.0,0.05564465992141014,0.7569444444444444,0.24305555555555555,0.5229357798165137,0.4,0.7307692307692307,0.21212121212121213,0.5347222222222222,1.0,0.08298749797746452,0.8958333333333334,0.10416666666666667,0.5193798449612403,0.6666666666666666,0.927536231884058,0.1388888888888889
8,0.5123456790123457,0.7875,0.49556306553100044,0.47430555555555554,0.31319444444444444,0.5461200585651538,0.4611973392461197,0.4695201037613489,0.3142414860681115,0.65,0.1388888888888889,0.034857503742473026,0.1388888888888889,0.0,0.65,0,0.16666666666666666,0.0,0.65,0.1388888888888889,0.022598267119760623,0.1388888888888889,0.0,0.65,0,0.18840579710144928,0.0
9,0.5376344086021505,0.7104166666666667,0.9636735354564866,0.43472222222222223,0.27569444444444446,0.5782747603833865,0.473551637279597,0.45525291828793774,0.2786377708978328,0.4930555555555556,1.0,0.08797237321436666,0.6180555555555556,0.3819444444444444,0.5280898876404494,0.43636363636363634,0.6025641025641025,0.36363636363636365,0.5625,1.0,-0.038758958070247915,0.6597222222222222,0.3402777777777778,0.5368421052631579,0.6122448979591837,0.7246376811594203,0.3888888888888889
10,0.5107719928186715,0.7736111111111111,0.6187076961616949,0.44930555555555557,0.32430555555555557,0.5378670788253478,0.4732334047109208,0.43320363164721143,0.33126934984520123,0.6666666666666666,0.20833333333333334,0.0945862663073808,0.1597222222222222,0.04861111111111111,0.6956521739130435,0.5714285714285714,0.20512820512820512,0.06060606060606061,0.56,0.1736111111111111,-0.02668811219792899,0.11805555555555555,0.05555555555555555,0.5294117647058824,0.625,0.13043478260869565,0.06944444444444445
11,0.5325047801147228,0.7263888888888889,0.9478775287305514,0.4361111111111111,0.2902777777777778,0.571656050955414,0.47368421052631576,0.45395590142671854,0.29566563467492263,0.5419847328244275,0.9097222222222222,0.1060809538617471,0.9027777777777778,0.006944444444444444,0.5461538461538461,0.0,0.9102564102564102,0.0,0.5109489051094891,0.9513888888888888,0.049367237509216594,0.9444444444444444,0.006944444444444444,0.5073529411764706,1.0,0.9565217391304348,0.013888888888888888
12,0.5404217926186292,0.7902777777777777,0.8256326833192134,0.46319444444444446,0.32708333333333334,0.5652173913043478,0.505307855626327,0.47600518806744485,0.3560371517027864,0.5277777777777778,1.0,0.03322941615618512,0.18055555555555555,0.8194444444444444,0.6923076923076923,0.4915254237288136,0.23076923076923078,0.8787878787878788,0.5694444444444444,1.0,-0.0014274932668085064,0.11805555555555555,0.8819444444444444,0.7058823529411765,0.5511811023622047,0.17391304347826086,0.9305555555555556
13,0.534453781512605,0.8263888888888888,1.2197562973016813,0.39861111111111114,0.42777777777777776,0.5871080139372822,0.48538961038961037,0.42412451361867703,0.4473684210526316,0.5,1.0,-0.043900005428448824,0.09722222222222222,0.9027777777777778,0.7142857142857143,0.47692307692307695,0.1282051282051282,0.9393939393939394,0.5347222222222222,1.0,-0.0202034532558094,0.041666666666666664,0.9583333333333334,0.6666666666666666,0.5289855072463768,0.057971014492753624,0.9722222222222222
14,0.5383319292333614,0.8243055555555555,1.0112948822421044,0.38819444444444445,0.4361111111111111,0.5885509838998211,0.49363057324840764,0.42023346303501946,0.4628482972136223,0.45348837209302323,0.5972222222222222,-0.016770163693219,0.04861111111111111,0.5486111111111112,0.7142857142857143,0.43037974683544306,0.0641025641025641,0.5151515151515151,0.5609756097560976,0.5694444444444444,0.00433339538705183,0.034722222222222224,0.5347222222222222,0.6,0.5584415584415584,0.043478260869565216,0.5555555555555556
15,0.5648788927335641,0.8027777777777778,1.5951373062048375,0.4027777777777778,0.4,0.6051724137931035,0.5243055555555556,0.44487678339818415,0.4504643962848297,0.5486111111111112,1.0,0.16138925659103634,0.9513888888888888,0.04861111111111111,0.5474452554744526,0.5714285714285714,0.9615384615384616,0.06060606060606061,0.5277777777777778,1.0,0.05697780206218494,0.9375,0.0625,0.5111111111111111,0.7777777777777778,0.9710144927536232,0.08333333333333333
16,0.5446428571428571,0.8555555555555555,1.1562099158893342,0.4840277777777778,0.3715277777777778,0.5767575322812052,0.502803738317757,0.5019455252918288,0.4086687306501548,0.5069444444444444,1.0,0.004590170182377841,0.8402777777777778,0.1597222222222222,0.5289256198347108,0.391304347826087,0.8205128205128205,0.13636363636363635,0.5208333333333334,1.0,-0.10229987521977577,0.8125,0.1875,0.5042735042735043,0.5925925925925926,0.8405797101449275,0.19444444444444445
17,0.5558375634517766,0.8208333333333333,1.4140988213193357,0.46041666666666664,0.36041666666666666,0.6033182503770739,0.4951830443159923,0.5058365758754864,0.38854489164086686,0.4791666666666667,1.0,0.02727647736977535,0.4236111111111111,0.5763888888888888,0.5245901639344263,0.4457831325301205,0.41025641025641024,0.5606060606060606,0.5833333333333334,1.0,0.052514914214531735,0.3819444444444444,0.6180555555555556,0.5818181818181818,0.5842696629213483,0.463768115942029,0.6805555555555556
18,0.5440806045340051,0.8270833333333333,1.0369946489964887,0.43194444444444446,0.3951388888888889,0.5819935691318328,0.5026362038664324,0.45525291828793774,0.42879256965944273,0.5138888888888888,1.0,0.06069996055402104,0.9027777777777778,0.09722222222222222,0.5307692307692308,0.35714285714285715,0.8846153846153846,0.07575757575757576,0.5416666666666666,1.0,0.05499379048878528,0.8611111111111112,0.1388888888888889,0.5161290322580645,0.7,0.9130434782608695,0.16666666666666666
19,0.5278716216216216,0.8222222222222222,1.1887091053176864,0.4847222222222222,0.3375,0.5716332378223495,0.46502057613168724,0.5058365758754864,0.33746130030959753,0.512,0.8680555555555556,0.07708783867985175,0.7361111111111112,0.13194444444444445,0.5377358490566038,0.3684210526315789,0.7307692307692307,0.10606060606060606,0.5476190476190477,0.875,-0.03580393347459828,0.7152777777777778,0.1597222222222222,0.5242718446601942,0.6521739130434783,0.7681159420289855,0.18055555555555555
20,0.57243195785777,0.7909722222222222,1.733555058321333,0.47291666666666665,0.31805555555555554,0.6020558002936858,0.5283842794759825,0.5188067444876784,0.3653250773993808,0.5327102803738317,0.7430555555555556,0.10187945228250353,0.4097222222222222,0.3333333333333333,0.5932203389830508,0.4583333333333333,0.44871794871794873,0.3333333333333333,0.6074766355140186,0.7430555555555556,0.08234786193692731,0.3888888888888889,0.3541666666666667,0.5892857142857143,0.6274509803921569,0.4782608695652174,0.4166666666666667
21,0.5422715627668659,0.8131944444444444,1.3514662401659183,0.4791666666666667,0.33402777777777776,0.5753623188405798,0.49480249480249483,0.49416342412451364,0.3606811145510836,0.5087719298245614,0.7916666666666666,0.05565356375189117,0.6319444444444444,0.1597222222222222,0.5494505494505495,0.34782608695652173,0.6410256410256411,0.12121212121212122,0.5752212389380531,0.7847222222222222,-0.017968922740896887,0.6111111111111112,0.1736111111111111,0.5454545454545454,0.68,0.6811594202898551,0.20833333333333334
22,0.5564373897707231,0.7875,1.4584228665003396,0.47708333333333336,0.3104166666666667,0.5807860262008734,0.5190156599552572,0.5045395590142672,0.3498452012383901,0.5675675675675675,0.2569444444444444,0.060130466203363674,0.2013888888888889,0.05555555555555555,0.5517241379310345,0.625,0.20512820512820512,0.07575757575757576,0.7586206896551724,0.2013888888888889,0.046308895444256676,0.1388888888888889,0.0625,0.75,0.7777777777777778,0.21739130434782608,0.09722222222222222
23,0.5770642201834862,0.7569444444444444,1.6016893757440662,0.44513888888888886,0.31180555555555556,0.6037441497659907,0.5389755011135857,0.4915693904020752,0.3591331269349845,0.5,1.0,0.05934236434184335,0.5555555555555556,0.4444444444444444,0.5375,0.453125,0.5512820512820513,0.4393939393939394,0.5625,1.0,0.012968977512281958,0.4722222222222222,0.5277777777777778,0.5441176470588235,0.5789473684210527,0.5362318840579711,0.5694444444444444
24,0.5610589239965841,0.8131944444444444,1.845037639580439,0.4673611111111111,0.3458333333333333,0.6077265973254086,0.4979919678714859,0.5110246433203631,0.3761609907120743,0.5138888888888888,1.0,0.0835435570021533,0.5138888888888888,0.4861111111111111,0.5540540540540541,0.4714285714285714,0.5256410256410257,0.5,0.5555555555555556,1.0,0.006637637378620323,0.4652777777777778,0.5347222222222222,0.5373134328358209,0.5714285714285714,0.5217391304347826,0.5694444444444444
25,0.5641891891891891,0.8222222222222222,1.5842934221762213,0.4847222222222222,0.3375,0.5859598853868195,0.5329218106995884,0.5188067444876784,0.38544891640866874,0.5347222222222222,1.0,0.14729687991427154,0.7430555555555556,0.2569444444444444,0.5514018691588785,0.4864864864864865,0.7564102564102564,0.2727272727272727,0.5555555555555556,1.0,-0.0507209217164135,0.7361111111111112,0.2638888888888889,0.5283018867924528,0.631578947368421,0.7971014492753623,0.3055555555555556
26,0.5564784053156147,0.8361111111111111,1.4000061613776378,0.5055555555555555,0.33055555555555555,0.5824175824175825,0.5168067226890757,0.5356679636835279,0.3653250773993808,0.5352112676056338,0.9861111111111112,0.09560775891792714,0.6458333333333334,0.3402777777777778,0.5591397849462365,0.4897959183673469,0.6666666666666666,0.36363636363636365,0.5594405594405595,0.9930555555555556,0.020827217196047885,0.6458333333333334,0.3472222222222222,0.5376344086021505,0.6,0.7101449275362319,0.3888888888888889
27,0.5423011844331641,0.8208333333333333,1.2485027596059284,0.4888888888888889,0.33194444444444443,0.5667613636363636,0.5062761506276151,0.5045395590142672,0.3637770897832817,0.5217391304347826,0.6388888888888888,0.05445045998263594,0.5,0.1388888888888889,0.5694444444444444,0.35,0.5256410256410257,0.10606060606060606,0.5833333333333334,0.5833333333333334,-0.030076321183472084,0.4375,0.14583333333333334,0.5555555555555556,0.6666666666666666,0.5072463768115942,0.16666666666666666
28,0.5545536519386834,0.7701388888888889,1.6973764045673119,0.46875,0.3013888888888889,0.5792592592592593,0.5161290322580645,0.49546044098573283,0.33591331269349844,0.48717948717948717,0.8125,0.019060278432048543,0.3541666666666667,0.4583333333333333,0.5490196078431373,0.4393939393939394,0.358974358974359,0.4393939393939394,0.6017699115044248,0.7847222222222222,0.052354350702557055,0.2708333333333333,0.5138888888888888,0.6410256410256411,0.581081081081081,0.36231884057971014,0.5694444444444444
29,0.5654082528533801,0.7909722222222222,1.7640290176502034,0.4527777777777778,0.33819444444444446,0.602760736196319,0.5154004106776181,0.49416342412451364,0.37925696594427244,0.5161290322580645,0.8611111111111112,0.053126762343530184,0.7013888888888888,0.1597222222222222,0.5544554455445545,0.34782608695652173,0.717948717948718,0.12121212121212122,0.5583333333333333,0.8333333333333334,-0.014477850911821523,0.6666666666666666,0.16666666666666666,0.53125,0.6666666666666666,0.7246376811594203,0.19444444444444445
30,0.5670464504820333,0.7923611111111111,1.4717313720904448,0.46805555555555556,0.32430555555555557,0.6023738872403561,0.5160599571734475,0.5110246433203631,0.3653250773993808,0.5038167938931297,0.9097222222222222,0.06627834956942322,0.6458333333333334,0.2638888888888889,0.5376344086021505,0.42105263157894735,0.6410256410256411,0.24242424242424243,0.5597014925373134,0.9305555555555556,0.026466810650669338,0.6111111111111112,0.3194444444444444,0.5340909090909091,0.6086956521739131,0.6666666666666666,0.3611111111111111
31,0.5609540636042403,0.7861111111111111,1.518978824641107,0.46458333333333335,0.3215277777777778,0.5874439461883408,0.5226781857451404,0.5006485084306096,0.3591331269349845,0.5490196078431373,0.7083333333333334,0.10422144050131632,0.4861111111111111,0.2222222222222222,0.5857142857142857,0.46875,0.5256410256410257,0.22727272727272727,0.5959595959595959,0.6875,0.0033997579988664065,0.4722222222222222,0.2152777777777778,0.5588235294117647,0.6774193548387096,0.5507246376811594,0.2638888888888889
32,0.5622775800711743,0.7805555555555556,1.7124231328002764,0.46458333333333335,0.3159722222222222,0.5904334828101644,0.5208791208791209,0.496757457846952,0.3544891640866873,0.5208333333333334,1.0,0.13485354587277204,0.8125,0.1875,0.5384615384615384,0.4444444444444444,0.8076923076923077,0.18181818181818182,0.5555555555555556,1.0,-0.04416764428917133,0.7916666666666666,0.20833333333333334,0.5263157894736842,0.6666666666666666,0.855072463768116,0.25
33,0.5533980582524272,0.7868055555555555,1.5207793889172818,0.475,0.31180555555555556,0.5847953216374269,0.5055679287305123,0.503242542153048,0.34674922600619196,0.5069444444444444,1.0,0.006536913316212518,0.2569444444444444,0.7430555555555556,0.5945945945945946,0.4766355140186916,0.28205128205128205,0.7727272727272727,0.5763888888888888,1.0,0.04693615612826163,0.18055555555555555,0.8194444444444444,0.6538461538461539,0.559322033898305,0.2463768115942029,0.875
34,0.553448275862069,0.8055555555555556,1.5164241384421746,0.43819444444444444,0.36736111111111114,0.5800316957210776,0.5217391304347826,0.4604409857328145,0.4148606811145511,0.5298507462686567,0.9305555555555556,0.1075075212324984,0.7777777777777778,0.1527777777777778,0.5535714285714286,0.4090909090909091,0.7948717948717948,0.13636363636363635,0.5579710144927537,0.9583333333333334,-0.05189505990526304,0.7569444444444444,0.2013888888888889,0.5321100917431193,0.6551724137931034,0.8260869565217391,0.2361111111111111
35,0.5702775290957923,0.7756944444444445,1.3946743723145203,0.4847222222222222,0.29097222222222224,0.5902578796561605,0.5369928400954654,0.522697795071336,0.33900928792569657,0.4930555555555556,1.0,0.07145402116055233,0.6041666666666666,0.3958333333333333,0.5287356321839081,0.43859649122807015,0.5897435897435898,0.3787878787878788,0.5694444444444444,1.0,0.017764095751519045,0.5694444444444444,0.4305555555555556,0.5487804878048781,0.5967741935483871,0.6376811594202898,0.4861111111111111
36,0.5565529622980251,0.7736111111111111,1.4841473411461292,0.4486111111111111,0.325,0.5820433436532507,0.5213675213675214,0.4773022049286641,0.3668730650154799,0.5288461538461539,0.7222222222222222,0.11071233776762075,0.6388888888888888,0.08333333333333333,0.5434782608695652,0.4166666666666667,0.6410256410256411,0.07575757575757576,0.5596330275229358,0.7569444444444444,-0.0187861141414163,0.6527777777777778,0.10416666666666667,0.5531914893617021,0.6,0.7391304347826086,0.125
37,0.5687438180019783,0.7020833333333333,1.431573067214425,0.4048611111111111,0.2972222222222222,0.5849056603773585,0.5467289719626168,0.4357976653696498,0.34829721362229105,0.5416666666666666,0.3333333333333333,0.009134160806849125,0.16666666666666666,0.16666666666666666,0.6666666666666666,0.4166666666666667,0.20512820512820512,0.15151515151515152,0.6382978723404256,0.3263888888888889,-0.02318182496298873,0.125,0.2013888888888889,0.6666666666666666,0.6206896551724138,0.17391304347826086,0.2222222222222222
38,0.5567307692307693,0.7222222222222222,1.5911787094996772,0.38680555555555557,0.33541666666666664,0.599640933572711,0.5072463768115942,0.4254215304798962,0.3715170278637771,0.4948453608247423,0.6736111111111112,0.042971630044633995,0.5277777777777778,0.14583333333333334,0.5394736842105263,0.3333333333333333,0.5256410256410257,0.10606060606060606,0.5686274509803921,0.7083333333333334,-0.02568543220425947,0.5347222222222222,0.1736111111111111,0.5454545454545454,0.64,0.6086956521739131,0.19444444444444445
39,0.567820392890552,0.7423611111111111,1.5299744591266513,0.4173611111111111,0.325,0.6039933444259568,0.5213675213675214,0.4604409857328145,0.37306501547987614,0.4375,0.2222222222222222,-0.002749673889117652,0.09027777777777778,0.13194444444444445,0.6153846153846154,0.3157894736842105,0.10256410256410256,0.09090909090909091,0.696969696969697,0.22916666666666666,-0.028292152623664434,0.08333333333333333,0.14583333333333334,0.6666666666666666,0.7142857142857143,0.11594202898550725,0.19444444444444445
40,0.5520408163265306,0.6805555555555556,1.4602848713799237,0.38819444444444445,0.2923611111111111,0.5957066189624329,0.49406175771971494,0.4254215304798962,0.3142414860681115,0.5,0.75,0.08581403929274908,0.6736111111111112,0.0763888888888889,0.5154639175257731,0.36363636363636365,0.6410256410256411,0.06060606060606061,0.5371900826446281,0.8402777777777778,-0.07280868911649115,0.7222222222222222,0.11805555555555555,0.5192307692307693,0.6470588235294118,0.7681159420289855,0.1388888888888889
41,0.5358606557377049,0.6777777777777778,1.0636456799478078,0.4125,0.2652777777777778,0.5622895622895623,0.49476439790575916,0.42282749675745784,0.2848297213622291,0.5148514851485149,0.7013888888888888,0.06504907220307443,0.5347222222222222,0.16666666666666666,0.5584415584415584,0.375,0.5512820512820513,0.13636363636363635,0.5865384615384616,0.7222222222222222,-0.008902071159773425,0.5347222222222222,0.1875,0.5714285714285714,0.6296296296296297,0.6376811594202898,0.2222222222222222
42,0.5474974463738509,0.6798611111111111,1.5064040359954305,0.3902777777777778,0.28958333333333336,0.5747330960854092,0.5107913669064749,0.41115434500648507,0.3173374613003096,0.5112781954887218,0.9236111111111112,0.06365379408147115,0.8055555555555556,0.11805555555555555,0.5344827586206896,0.35294117647058826,0.7948717948717948,0.09090909090909091,0.553030303030303,0.9166666666666666,-0.05975737967143209,0.7708333333333334,0.14583333333333334,0.5315315315315315,0.6666666666666666,0.8405797101449275,0.18055555555555555
43,0.5589430894308943,0.6833333333333333,1.0989428190148667,0.4048611111111111,0.27847222222222223,0.5900514579759862,0.513715710723192,0.4357976653696498,0.3080495356037152,0.4444444444444444,0.125,0.023457536515876974,0.027777777777777776,0.09722222222222222,0.75,0.35714285714285715,0.038461538461538464,0.07575757575757576,0.6818181818181818,0.1527777777777778,-0.04841372074667671,0.020833333333333332,0.13194444444444445,0.6666666666666666,0.6842105263157895,0.028985507246376812,0.16666666666666666
44,0.536036036036036,0.6166666666666667,1.2790888058087666,0.33958333333333335,0.27708333333333335,0.5705521472392638,0.49373433583959897,0.35149156939040205,0.29256965944272445,0.47368421052631576,0.13194444444444445,0.031780143256800515,0.06944444444444445,0.0625,0.5,0.4444444444444444,0.0641025641025641,0.06060606060606061,0.68,0.1736111111111111,-0.03376275289980911,0.06944444444444445,0.10416666666666667,0.6,0.7333333333333333,0.08695652173913043,0.1388888888888889
45,0.577433628318584,0.6277777777777778,1.544966610288464,0.3423611111111111,0.28541666666666665,0.6288032454361054,0.5158150851581509,0.39299610894941633,0.3173374613003096,0.4642857142857143,0.3888888888888889,0.00775584144985096,0.1111111111111111,0.2777777777777778,0.5625,0.425,0.11538461538461539,0.25757575757575757,0.6470588235294118,0.3541666666666667,-0.0016268593054316253,0.09027777777777778,0.2638888888888889,0.7692307692307693,0.6052631578947368,0.14492753623188406,0.2916666666666667
46,0.5773195876288659,0.6736111111111112,1.7144072444180332,0.3576388888888889,0.3159722222222222,0.625242718446602,0.5230769230769231,0.4072632944228275,0.3544891640866873,0.46551724137931033,0.8055555555555556,-0.035746843559591054,0.04861111111111111,0.7569444444444444,0.5714285714285714,0.45871559633027525,0.05128205128205128,0.7575757575757576,0.5476190476190477,0.875,-0.026135018052278174,0.034722222222222224,0.8402777777777778,0.6,0.5454545454545454,0.043478260869565216,0.875
47,0.5721544715447154,0.6833333333333333,1.5462145368351141,0.3715277777777778,0.31180555555555556,0.616822429906542,0.5189309576837416,0.41893644617380027,0.3544891640866873,0.4864864864864865,0.2569444444444444,0.029094686910468386,0.13194444444444445,0.125,0.5789473684210527,0.3888888888888889,0.14102564102564102,0.10606060606060606,0.7380952380952381,0.2916666666666667,0.007169476281198622,0.125,0.16666666666666666,0.8333333333333334,0.6666666666666666,0.21739130434782608,0.20833333333333334
48,0.565922920892495,0.6847222222222222,1.6337898768289214,0.40555555555555556,0.2791666666666667,0.5976027397260274,0.5199004975124378,0.4396887159533074,0.3188854489164087,0.5,0.9305555555555556,0.09016517504450422,0.6597222222222222,0.2708333333333333,0.5263157894736842,0.4358974358974359,0.6410256410256411,0.25757575757575757,0.5693430656934306,0.9513888888888888,-0.061115505388806904,0.7152777777777778,0.2361111111111111,0.5436893203883495,0.6470588235294118,0.7971014492753623,0.2777777777777778
49,0.5499515033947624,0.7159722222222222,1.5760749464025041,0.4423611111111111,0.27361111111111114,0.5698587127158555,0.5177664974619289,0.4591439688715953,0.3065015479876161,0.4925373134328358,0.9305555555555556,0.012771818127565171,0.3611111111111111,0.5694444444444444,0.5576923076923077,0.45121951219512196,0.3717948717948718,0.5606060606060606,0.5367647058823529,0.9444444444444444,-0.050730747978210755,0.3333333333333333,0.6111111111111112,0.5,0.5568181818181818,0.34782608695652173,0.6388888888888888
50,0.5823142050799623,0.7381944444444445,1.6418398941657084,0.3972222222222222,0.34097222222222223,0.6118881118881119,0.5478615071283096,0.4461738002594034,0.40092879256965946,0.4714285714285714,0.9722222222222222,0.03969490812361401,0.5694444444444444,0.4027777777777778,0.5121951219512195,0.41379310344827586,0.5384615384615384,0.36363636363636365,0.5664335664335665,0.9930555555555556,0.024718459240411116,0.625,0.3680555555555556,0.5444444444444444,0.6037735849056604,0.6956521739130435,0.4166666666666667
51,0.5815533980582525,0.7152777777777778,1.5475869014685957,0.38472222222222224,0.33055555555555555,0.6101083032490975,0.5483193277310925,0.4293125810635538,0.39473684210526316,0.49122807017543857,0.7916666666666666,0.029072447589364593,0.3611111111111111,0.4305555555555556,0.5384615384615384,0.45161290322580644,0.358974358974359,0.42424242424242425,0.5636363636363636,0.7638888888888888,0.006766000394988087,0.3611111111111111,0.4027777777777778,0.5384615384615384,0.5862068965517241,0.4057971014492754,0.4444444444444444
52,0.5584795321637427,0.7125,1.5003715508372113,0.38263888888888886,0.3298611111111111,0.6079854809437386,0.5010526315789474,0.42412451361867703,0.3560371517027864,0.4915254237288136,0.8194444444444444,0.09118043726532579,0.5972222222222222,0.2222222222222222,0.5232558139534884,0.40625,0.5769230769230769,0.19696969696969696,0.5619834710743802,0.8402777777777778,-0.01831083813381745,0.6527777777777778,0.1875,0.5425531914893617,0.6296296296296297,0.7246376811594203,0.2222222222222222
53,0.5543933054393305,0.6638888888888889,1.7725481176966562,0.38333333333333336,0.28055555555555556,0.592391304347826,0.5024752475247525,0.4085603112840467,0.3065015479876161,0.5142857142857142,0.24305555555555555,0.02971773165980967,0.13194444444444445,0.1111111111111111,0.631578947368421,0.375,0.15384615384615385,0.09090909090909091,0.7142857142857143,0.24305555555555555,0.002495509768606299,0.11805555555555555,0.125,0.7647058823529411,0.6666666666666666,0.18840579710144928,0.1527777777777778
54,0.5664018161180476,0.6118055555555556,1.4745753703910784,0.35694444444444445,0.2548611111111111,0.6147859922178989,0.4986376021798365,0.40077821011673154,0.2755417956656347,0.546875,0.4444444444444444,0.07005958318042786,0.3055555555555556,0.1388888888888889,0.6363636363636364,0.35,0.358974358974359,0.10606060606060606,0.6065573770491803,0.4236111111111111,-0.01554570585236605,0.2777777777777778,0.14583333333333334,0.575,0.6666666666666666,0.3333333333333333,0.18055555555555555
55,0.5760517799352751,0.64375,1.7307176794449577,0.38125,0.2625,0.6029143897996357,0.5370370370370371,0.41893644617380027,0.29876160990712075,0.4166666666666667,0.16666666666666666,0.011764264215764986,0.0625,0.10416666666666667,0.5555555555555556,0.3333333333333333,0.0641025641025641,0.07575757575757576,0.7037037037037037,0.1875,-0.040417058254074725,0.0625,0.125,0.7777777777777778,0.6666666666666666,0.10144927536231885,0.1527777777777778
56,0.5738831615120275,0.60625,1.6092304194385727,0.35694444444444445,0.24930555555555556,0.6167315175097277,0.5125348189415042,0.39948119325551235,0.2801857585139319,0.4791666666666667,1.0,0.09478180074347467,0.6180555555555556,0.3819444444444444,0.5168539325842697,0.41818181818181815,0.5897435897435898,0.3484848484848485,0.5524475524475524,0.9930555555555556,-0.06243027012411373,0.6666666666666666,0.3263888888888889,0.53125,0.5957446808510638,0.7246376811594203,0.375
57,0.5759682224428997,0.6993055555555555,1.8893118601628929,0.40902777777777777,0.2902777777777778,0.597623089983022,0.5454545454545454,0.4474708171206226,0.34829721362229105,0.52,0.1736111111111111,0.028769256013727075,0.11805555555555555,0.05555555555555555,0.6470588235294118,0.25,0.14102564102564102,0.030303030303030304,0.7083333333333334,0.16666666666666666,-0.019194396680339787,0.09027777777777778,0.0763888888888889,0.8461538461538461,0.5454545454545454,0.15942028985507245,0.08333333333333333
58,0.5985401459854015,0.6659722222222222,1.9641335165874052,0.4083333333333333,0.25763888888888886,0.6309523809523809,0.5471698113207547,0.4695201037613489,0.30030959752321984,0.5034965034965035,0.9930555555555556,0.042523231350054105,0.2222222222222222,0.7708333333333334,0.59375,0.4774774774774775,0.24358974358974358,0.803030303030303,0.5972222222222222,1.0,0.0856180851241039,0.1736111111111111,0.8263888888888888,0.72,0.5714285714285714,0.2608695652173913,0.9027777777777778
59,0.566231343283582,0.7444444444444445,1.7043257011881525,0.4041666666666667,0.3402777777777778,0.6030927835051546,0.5224489795918368,0.44228274967574577,0.38544891640866874,0.5071428571428571,0.9722222222222222,0.06132257414283666,0.7361111111111112,0.2361111111111111,0.5377358490566038,0.4117647058823529,0.7307692307692307,0.21212121212121213,0.5428571428571428,0.9722222222222222,-0.06735434724268449,0.7569444444444444,0.2152777777777778,0.5229357798165137,0.6129032258064516,0.8115942028985508,0.25
60,0.5521531100478468,0.7256944444444444,1.6600413228268873,0.4354166666666667,0.2902777777777778,0.5901116427432217,0.49521531100478466,0.4669260700389105,0.3111455108359133,0.5210084033613446,0.8263888888888888,0.02228024894418468,0.2361111111111111,0.5902777777777778,0.6764705882352942,0.4588235294117647,0.2948717948717949,0.5909090909090909,0.5714285714285714,0.875,0.06952965965228121,0.20833333333333334,0.6666666666666666,0.6333333333333333,0.5520833333333334,0.2753623188405797,0.7083333333333334
61,0.5748560460652591,0.7236111111111111,1.8442510207957465,0.3909722222222222,0.3326388888888889,0.6074600355239786,0.5365344467640919,0.43190661478599224,0.38699690402476783,0.509090909090909,0.7638888888888888,0.07610715931869677,0.5277777777777778,0.2361111111111111,0.5394736842105263,0.4411764705882353,0.5256410256410257,0.22727272727272727,0.59,0.6944444444444444,-0.01646020200717503,0.4791666666666667,0.2152777777777778,0.5797101449275363,0.6129032258064516,0.5797101449275363,0.2361111111111111
62,0.5792181069958847,0.675,1.8649470762727995,0.3763888888888889,0.2986111111111111,0.6033210332103321,0.5488372093023256,0.41245136186770426,0.3560371517027864,0.5483870967741935,0.4305555555555556,0.07408909487092998,0.3125,0.11805555555555555,0.6,0.4117647058823529,0.34615384615384615,0.10606060606060606,0.5625,0.4444444444444444,-0.045413396746851985,0.3125,0.13194444444444445,0.5111111111111111,0.6842105263157895,0.3333333333333333,0.16666666666666666
63,0.5686070686070686,0.6680555555555555,1.6425831359448053,0.3875,0.28055555555555556,0.6057347670250897,0.5173267326732673,0.4254215304798962,0.3173374613003096,0.5267175572519084,0.9097222222222222,0.10820575921569273,0.7777777777777778,0.13194444444444445,0.5535714285714286,0.3684210526315789,0.7948717948717948,0.10606060606060606,0.549618320610687,0.9097222222222222,-0.06706962034907685,0.7777777777777778,0.13194444444444445,0.5267857142857143,0.6842105263157895,0.8405797101449275,0.16666666666666666
64,0.5636550308008214,0.6763888888888889,1.7077774179190328,0.38819444444444445,0.2881944444444444,0.592128801431127,0.5253012048192771,0.42282749675745784,0.3281733746130031,0.5263157894736842,0.3958333333333333,0.03479246725694588,0.1111111111111111,0.2847222222222222,0.625,0.4878048780487805,0.1282051282051282,0.30303030303030304,0.6538461538461539,0.3611111111111111,-0.026068866777605,0.06944444444444445,0.2916666666666667,0.9,0.5952380952380952,0.13043478260869565,0.3194444444444444
65,0.6019417475728155,0.64375,2.1171283662709444,0.3486111111111111,0.2951388888888889,0.6394422310756972,0.5576470588235294,0.4072632944228275,0.3544891640866873,0.4074074074074074,0.1875,-0.0036941140259544574,0.06944444444444445,0.11805555555555555,0.5,0.35294117647058826,0.0641025641025641,0.09090909090909091,0.7,0.20833333333333334,-0.0361060131979662,0.0763888888888889,0.13194444444444445,0.7272727272727273,0.6842105263157895,0.11594202898550725,0.16666666666666666
66,0.5873893805309734,0.6277777777777778,1.8650517416821397,0.3576388888888889,0.2701388888888889,0.6524271844660194,0.5012853470437018,0.4280155642023346,0.2894736842105263,0.4888888888888889,0.625,0.0017816838749580735,0.4583333333333333,0.16666666666666666,0.5303030303030303,0.375,0.44871794871794873,0.13636363636363635,0.5581395348837209,0.5972222222222222,-0.06338206105271493,0.4513888888888889,0.14583333333333334,0.5230769230769231,0.6666666666666666,0.4927536231884058,0.18055555555555555
67,0.5596421471172962,0.6986111111111111,1.698980365360353,0.42569444444444443,0.27291666666666664,0.5856443719412724,0.5190839694656488,0.45525291828793774,0.3065015479876161,0.48120300751879697,0.9236111111111112,0.01301989849852232,0.4861111111111111,0.4375,0.5142857142857142,0.4444444444444444,0.46153846153846156,0.42424242424242425,0.5373134328358209,0.9305555555555556,-0.011905639911337645,0.5,0.4305555555555556,0.5277777777777778,0.5483870967741935,0.5507246376811594,0.4444444444444444
68,0.5730337078651685,0.6798611111111111,1.652403772198609,0.4027777777777778,0.27708333333333335,0.6172413793103448,0.5087719298245614,0.45525291828793774,0.3065015479876161,0.3939393939393939,0.22916666666666666,-0.05152091164222179,0.041666666666666664,0.1875,0.5,0.37037037037037035,0.038461538461538464,0.15151515151515152,0.6666666666666666,0.22916666666666666,-0.03943022045908827,0.05555555555555555,0.1736111111111111,0.75,0.64,0.08695652173913043,0.19444444444444445
69,0.5918591859185919,0.63125,1.8553562787426805,0.38125,0.25,0.6411657559198543,0.5166666666666667,0.4487678339818418,0.28328173374613,0.5390625,0.8888888888888888,0.11418820905437832,0.8333333333333334,0.05555555555555555,0.55,0.375,0.8461538461538461,0.045454545454545456,0.5481481481481482,0.9375,-0.04883463036996226,0.8680555555555556,0.06944444444444445,0.528,0.8,0.9420289855072463,0.1111111111111111
70,0.5641293013555787,0.6659722222222222,1.3757323307574265,0.41180555555555554,0.25416666666666665,0.6037099494097807,0.5,0.45265888456549935,0.2724458204334365,0.460431654676259,0.9652777777777778,-0.004583474021051187,0.5069444444444444,0.4583333333333333,0.4931506849315068,0.42424242424242425,0.46153846153846156,0.42424242424242425,0.5539568345323741,0.9652777777777778,0.002881511289620825,0.5277777777777778,0.4375,0.5394736842105263,0.5714285714285714,0.5797101449275363,0.4722222222222222
71,0.5704633204633205,0.7194444444444444,1.96849390777612,0.40208333333333335,0.3173611111111111,0.5975820379965457,0.5361050328227571,0.43320363164721143,0.3684210526315789,0.5069444444444444,1.0,0.11057677217078787,0.7569444444444444,0.24305555555555555,0.5321100917431193,0.42857142857142855,0.7435897435897436,0.22727272727272727,0.5524475524475524,0.9930555555555556,-0.0671047692549375,0.7777777777777778,0.2152777777777778,0.5267857142857143,0.6451612903225806,0.8405797101449275,0.25
72,0.5792972459639126,0.73125,2.0293042139557307,0.44583333333333336,0.28541666666666665,0.602803738317757,0.5425790754257908,0.4915693904020752,0.3328173374613003,0.5138888888888888,1.0,0.09998000709260946,0.8055555555555556,0.19444444444444445,0.5344827586206896,0.42857142857142855,0.7948717948717948,0.18181818181818182,0.5384615384615384,0.9930555555555556,-0.06850119426127069,0.7916666666666666,0.2013888888888889,0.5175438596491229,0.6206896551724138,0.8405797101449275,0.2222222222222222
73,0.550880626223092,0.7097222222222223,1.3647154960745476,0.41805555555555557,0.2916666666666667,0.5880398671096345,0.4976190476190476,0.4461738002594034,0.3173374613003096,0.5714285714285714,0.2916666666666667,0.04927222733346036,0.2222222222222222,0.06944444444444445,0.625,0.4,0.2564102564102564,0.06060606060606061,0.6888888888888889,0.3125,-0.006378376996102745,0.2222222222222222,0.09027777777777778,0.65625,0.7692307692307693,0.30434782608695654,0.1388888888888889
74,0.5865070729053319,0.6381944444444444,2.063584106693222,0.36180555555555555,0.2763888888888889,0.6295585412667947,0.5301507537688442,0.4163424124513619,0.3157894736842105,0.5254237288135594,0.4097222222222222,-0.001478276402248087,0.1875,0.2222222222222222,0.6666666666666666,0.40625,0.23076923076923078,0.19696969696969696,0.6875,0.3333333333333333,0.001279413816502849,0.1388888888888889,0.19444444444444445,0.75,0.6428571428571429,0.21739130434782608,0.2361111111111111
75,0.5596933187294633,0.6340277777777777,1.5181216261703727,0.3590277777777778,0.275,0.6150870406189555,0.48737373737373735,0.40077821011673154,0.29411764705882354,0.5,0.7222222222222222,0.03976407194761652,0.5625,0.1597222222222222,0.5308641975308642,0.391304347826087,0.5512820512820513,0.13636363636363635,0.5523809523809524,0.7291666666666666,-0.04244600157188931,0.5763888888888888,0.1527777777777778,0.5301204819277109,0.6363636363636364,0.6376811594202898,0.18055555555555555
76,0.5691144708423326,0.6430555555555556,1.6241821424084504,0.38472222222222224,0.25833333333333336,0.5866425992779783,0.543010752688172,0.4098573281452659,0.30340557275541796,0.4806201550387597,0.8958333333333334,0.030632397933076663,0.6041666666666666,0.2916666666666667,0.5172413793103449,0.40476190476190477,0.5769230769230769,0.25757575757575757,0.5620437956204379,0.9513888888888888,-0.07263990440638549,0.6805555555555556,0.2708333333333333,0.5408163265306123,0.6153846153846154,0.7536231884057971,0.3055555555555556
77,0.5705329153605015,0.6645833333333333,1.7840400115585615,0.38333333333333336,0.28125,0.6086956521739131,0.5185185185185185,0.42412451361867703,0.3204334365325077,0.5432098765432098,0.5625,0.09298399840303985,0.4861111111111111,0.0763888888888889,0.5571428571428572,0.45454545454545453,0.5,0.07575757575757576,0.5542168674698795,0.5763888888888888,-0.05495417804618043,0.4791666666666667,0.09722222222222222,0.5217391304347826,0.7142857142857143,0.5217391304347826,0.1388888888888889
78,0.5555555555555556,0.6375,1.3113976351802656,0.39861111111111114,0.2388888888888889,0.5871080139372822,0.502906976744186,0.4280155642023346,0.26006191950464397,0.5070422535211268,0.4930555555555556,0.03741679821023401,0.25,0.24305555555555555,0.6111111111111112,0.4,0.28205128205128205,0.21212121212121213,0.639344262295082,0.4236111111111111,-0.03768487278390671,0.2361111111111111,0.1875,0.6470588235294118,0.6296296296296297,0.3188405797101449,0.20833333333333334
79,0.5747252747252747,0.6319444444444444,1.775418495137155,0.36319444444444443,0.26875,0.6042065009560229,0.5348837209302325,0.4033722438391699,0.3111455108359133,0.509090909090909,0.3819444444444444,0.030710260646091392,0.2152777777777778,0.16666666666666666,0.6129032258064516,0.375,0.24358974358974358,0.13636363636363635,0.7111111111111111,0.3125,-0.0034655566968147273,0.16666666666666666,0.14583333333333334,0.75,0.6666666666666666,0.2608695652173913,0.18055555555555555
80,0.5932203389830508,0.6145833333333334,1.6863671870435037,0.35555555555555557,0.2590277777777778,0.615234375,0.5630026809651475,0.3968871595330739,0.3188854489164087,0.4473684210526316,0.2638888888888889,-0.0076520046033847515,0.09722222222222222,0.16666666666666666,0.5714285714285714,0.375,0.10256410256410256,0.13636363636363635,0.7333333333333333,0.20833333333333334,-0.010818772213149279,0.06944444444444445,0.1388888888888889,0.8,0.7,0.11594202898550725,0.18055555555555555
81,0.5714285714285714,0.6125,1.7586328517894845,0.33125,0.28125,0.6184486373165619,0.5160493827160494,0.3735408560311284,0.3157894736842105,0.46153846153846156,0.4513888888888889,-0.015935975368760895,0.09027777777777778,0.3611111111111111,0.6153846153846154,0.4230769230769231,0.10256410256410256,0.3333333333333333,0.5964912280701754,0.3958333333333333,-0.013810613459968132,0.06944444444444445,0.3263888888888889,0.8,0.5531914893617021,0.11594202898550725,0.3333333333333333
82,0.5884907709011944,0.6395833333333333,1.9648261564217626,0.3451388888888889,0.29444444444444445,0.6297786720321932,0.5400943396226415,0.39948119325551235,0.33900928792569657,0.5309734513274337,0.7847222222222222,0.06550411949684756,0.20833333333333334,0.5763888888888888,0.6666666666666666,0.4819277108433735,0.2564102564102564,0.6060606060606061,0.6206896551724138,0.8055555555555556,0.07085400466703823,0.125,0.6805555555555556,0.8333333333333334,0.5816326530612245,0.21739130434782608,0.7638888888888888
83,0.5769230769230769,0.65,1.6056416189415916,0.36527777777777776,0.2847222222222222,0.6121673003802282,0.5317073170731708,0.4085603112840467,0.32507739938080493,0.5294117647058824,0.4722222222222222,0.005211662344375598,0.24305555555555555,0.22916666666666666,0.6571428571428571,0.3939393939393939,0.2948717948717949,0.19696969696969696,0.65,0.4166666666666667,-0.02323692386934936,0.2152777777777778,0.2013888888888889,0.6451612903225806,0.6551724137931034,0.2898550724637681,0.2361111111111111
84,0.5810663764961915,0.6381944444444444,1.7605326131166763,0.36666666666666664,0.27152777777777776,0.615530303030303,0.5345268542199488,0.41245136186770426,0.3142414860681115,0.5132743362831859,0.7847222222222222,0.049059521935273444,0.4930555555555556,0.2916666666666667,0.5492957746478874,0.4523809523809524,0.5,0.2878787878787879,0.5959595959595959,0.6875,-0.013585464302307905,0.4375,0.25,0.5714285714285714,0.6388888888888888,0.5217391304347826,0.2916666666666667
85,0.5869098712446352,0.6472222222222223,1.955978541648715,0.37569444444444444,0.27152777777777776,0.6247689463955638,0.5345268542199488,0.43060959792477305,0.3142414860681115,0.4864864864864865,0.7708333333333334,0.043267216208587554,0.6111111111111112,0.1597222222222222,0.5,0.43478260869565216,0.5641025641025641,0.15151515151515152,0.5614035087719298,0.7916666666666666,-0.03556870962145795,0.6388888888888888,0.1527777777777778,0.5434782608695652,0.6363636363636364,0.7246376811594203,0.16666666666666666
86,0.5761226725082147,0.6340277777777777,1.6545589874441506,0.3763888888888889,0.25763888888888886,0.6051660516605166,0.5336927223719676,0.41245136186770426,0.29876160990712075,0.5073529411764706,0.9444444444444444,0.059697565358998624,0.6180555555555556,0.3263888888888889,0.5280898876404494,0.46808510638297873,0.6025641025641025,0.3333333333333333,0.5467625899280576,0.9652777777777778,0.0063785603344676065,0.6041666666666666,0.3611111111111111,0.5402298850574713,0.5576923076923077,0.6666666666666666,0.375
87,0.5602536997885835,0.6569444444444444,1.6363307635166415,0.36875,0.2881944444444444,0.6026365348399246,0.5060240963855421,0.4059662775616083,0.3142414860681115,0.4793388429752066,0.8402777777777778,0.048437183372983604,0.5902777777777778,0.25,0.5058823529411764,0.4166666666666667,0.5512820512820513,0.22727272727272727,0.5702479338842975,0.8402777777777778,-0.017902197466775422,0.6458333333333334,0.19444444444444445,0.5376344086021505,0.6785714285714286,0.7246376811594203,0.2361111111111111
88,0.5929108485499462,0.6465277777777778,1.8538573684055724,0.36875,0.2777777777777778,0.632768361581921,0.54,0.4267185473411154,0.3204334365325077,0.5263157894736842,0.6597222222222222,0.06441741699011644,0.2777777777777778,0.3819444444444444,0.625,0.45454545454545453,0.32051282051282054,0.3787878787878788,0.5913978494623656,0.6458333333333334,-0.0041740233452008686,0.2916666666666667,0.3541666666666667,0.5952380952380952,0.5882352941176471,0.36231884057971014,0.3888888888888889
89,0.6017130620985011,0.6486111111111111,2.1369860596947676,0.3763888888888889,0.2722222222222222,0.6457564575645757,0.5408163265306123,0.44487678339818415,0.3204334365325077,0.5096153846153846,0.7222222222222222,0.0453503616923101,0.3888888888888889,0.3333333333333333,0.5714285714285714,0.4375,0.41025641025641024,0.3181818181818182,0.5567010309278351,0.6736111111111112,-0.05503034467997759,0.3819444444444444,0.2916666666666667,0.5272727272727272,0.5952380952380952,0.42028985507246375,0.3194444444444444
90,0.583419689119171,0.6701388888888888,1.977704062092861,0.38125,0.28888888888888886,0.6284153005464481,0.5240384615384616,0.437094682230869,0.33126934984520123,0.5070422535211268,0.9861111111111112,0.09632662076866388,0.8819444444444444,0.10416666666666667,0.5275590551181102,0.3333333333333333,0.8589743589743589,0.07575757575757576,0.5357142857142857,0.9722222222222222,-0.06515402439761928,0.8611111111111112,0.1111111111111111,0.5161290322580645,0.6875,0.9130434782608695,0.125
91,0.5884115884115884,0.6951388888888889,1.8149272832613637,0.44027777777777777,0.2548611111111111,0.61198738170347,0.547683923705722,0.4889753566796368,0.30030959752321984,0.5394736842105263,0.5277777777777778,0.05963763822843359,0.2013888888888889,0.3263888888888889,0.6896551724137931,0.44680851063829785,0.2564102564102564,0.3181818181818182,0.6216216216216216,0.5138888888888888,-0.004307354142473281,0.22916666666666666,0.2847222222222222,0.6666666666666666,0.5853658536585366,0.3188405797101449,0.3055555555555556
92,0.5849256900212314,0.6541666666666667,1.9778792235838285,0.34791666666666665,0.30625,0.6287425149700598,0.5351473922902494,0.4033722438391699,0.3544891640866873,0.5,0.8333333333333334,0.06226194803471508,0.5416666666666666,0.2916666666666667,0.5384615384615384,0.42857142857142855,0.5384615384615384,0.2727272727272727,0.56,0.8680555555555556,-0.0629345720657944,0.6041666666666666,0.2638888888888889,0.5287356321839081,0.631578947368421,0.6666666666666666,0.3055555555555556
93,0.569402228976697,0.6854166666666667,1.895786764861359,0.4131944444444444,0.2722222222222222,0.6067226890756302,0.5127551020408163,0.4578469520103761,0.30340557275541796,0.36363636363636365,0.1527777777777778,-0.018015904206382483,0.013888888888888888,0.1388888888888889,0.5,0.35,0.01282051282051282,0.10606060606060606,0.6666666666666666,0.125,-0.06107385152681212,0.006944444444444444,0.11805555555555555,1.0,0.6470588235294118,0.014492753623188406,0.1388888888888889
94,0.6004415011037527,0.6291666666666667,2.2343510852329023,0.36875,0.2604166666666667,0.6346516007532956,0.552,0.4267185473411154,0.3142414860681115,0.5094339622641509,0.3680555555555556,0.014686999547067524,0.10416666666666667,0.2638888888888889,0.6666666666666666,0.4473684210526316,0.1282051282051282,0.25757575757575757,0.66,0.3472222222222222,-0.003351584460347896,0.10416666666666667,0.24305555555555555,0.8,0.6,0.17391304347826086,0.2638888888888889
95,0.5993723849372385,0.6638888888888889,2.100071502923941,0.3798611111111111,0.28402777777777777,0.6307129798903108,0.5574572127139364,0.4345006485084306,0.34829721362229105,0.5,0.625,0.03724389647460387,0.3333333333333333,0.2916666666666667,0.5833333333333334,0.40476190476190477,0.358974358974359,0.25757575757575757,0.5853658536585366,0.5694444444444444,-0.038450650056442645,0.3125,0.2569444444444444,0.5777777777777777,0.5945945945945946,0.37681159420289856,0.2777777777777778
96,0.5914315569487983,0.6645833333333333,1.970655579216234,0.4013888888888889,0.26319444444444445,0.6211072664359861,0.5461741424802111,0.45395590142671854,0.3111455108359133,0.5112781954887218,0.9236111111111112,0.06958965321254917,0.5138888888888888,0.4097222222222222,0.5405405405405406,0.4745762711864407,0.5128205128205128,0.42424242424242425,0.5428571428571428,0.9722222222222222,-0.08327569364438209,0.5902777777777778,0.3819444444444444,0.5294117647058824,0.5636363636363636,0.6521739130434783,0.4027777777777778
97,0.5682730923694779,0.6916666666666667,1.7519460670649676,0.4111111111111111,0.28055555555555556,0.5996621621621622,0.5222772277227723,0.45006485084306097,0.3188854489164087,0.5179856115107914,0.9652777777777778,0.13749069307417894,0.6597222222222222,0.3055555555555556,0.5368421052631579,0.4772727272727273,0.6538461538461539,0.3181818181818182,0.5454545454545454,0.9930555555555556,-0.05451015710970643,0.7569444444444444,0.2361111111111111,0.5229357798165137,0.6176470588235294,0.8115942028985508,0.2638888888888889
98,0.5635005336179295,0.6506944444444445,1.9684215352788654,0.38472222222222224,0.2659722222222222,0.5974729241877257,0.5143603133159269,0.4176394293125811,0.29566563467492263,0.5106382978723404,0.9791666666666666,0.122003068274455,0.6805555555555556,0.2986111111111111,0.5306122448979592,0.46511627906976744,0.6666666666666666,0.30303030303030304,0.5524475524475524,0.9930555555555556,-0.044736319173577344,0.75,0.24305555555555555,0.5277777777777778,0.6285714285714286,0.8115942028985508,0.2777777777777778
99,0.5756345177664974,0.6840277777777778,1.7789185680410338,0.3909722222222222,0.29305555555555557,0.61101243339254,0.5284360189573459,0.4345006485084306,0.33591331269349844,0.5434782608695652,0.6388888888888888,0.06293651945063683,0.2013888888888889,0.4375,0.6896551724137931,0.47619047619047616,0.2564102564102564,0.45454545454545453,0.6179775280898876,0.6180555555555556,-0.023600836522267438,0.19444444444444445,0.4236111111111111,0.6785714285714286,0.5901639344262295,0.2753623188405797,0.4722222222222222
